"AddressID","CustomerID","AddressType","AddressLine1","AddressLine2","City","State","PostalCode","Country","IsPrimary"
"1","1","Billing","2275 Liberty St","","Dallas","TX","75201","USA","True"
"2","1","Shipping","334 Commerce St","","Houston","TX","77002","USA","True"
"3","2","Billing","8004 Park St","","Phoenix","AZ","85001","USA","True"
"4","2","Shipping","2376 Park St","","Phoenix","AZ","85001","USA","True"
"5","3","Billing","7606 Commerce St","","Phoenix","AZ","85001","USA","True"
"6","3","Shipping","1270 Freight St","","Cleveland","OH","44101","USA","True"
"7","4","Billing","6647 Main St","","Kansas City","MO","64106","USA","True"
"8","4","Shipping","5787 Union St","","Chicago","IL","60601","USA","True"
"9","5","Billing","6496 Liberty St","","Pittsburgh","PA","15201","USA","True"
"10","5","Shipping","5558 Union St","","Kansas City","MO","64106","USA","True"
"11","6","Billing","7747 Commerce St","","Detroit","MI","48201","USA","True"
"12","6","Shipping","5172 Main St","","St. Louis","MO","63101","USA","True"
"13","7","Billing","4371 Industrial St","","St. Louis","MO","63101","USA","True"
"14","7","Shipping","1067 Industrial St","","Kansas City","MO","64106","USA","True"
"15","8","Billing","8293 Main St","","Dallas","TX","75201","USA","True"
"16","8","Shipping","784 Commerce St","","Phoenix","AZ","85001","USA","True"
"17","9","Billing","7624 Main St","","Pittsburgh","PA","15201","USA","True"
"18","9","Shipping","7335 Union St","","Kansas City","MO","64106","USA","True"
"19","10","Billing","8354 Commerce St","","Cleveland","OH","44101","USA","True"
"20","10","Shipping","5311 Main St","","Houston","TX","77002","USA","True"
"21","11","Billing","1073 Union St","","Pittsburgh","PA","15201","USA","True"
"22","11","Shipping","6371 Park St","","Phoenix","AZ","85001","USA","True"
"23","12","Billing","1936 Main St","","Houston","TX","77002","USA","True"
"24","12","Shipping","1006 Freight St","","Pittsburgh","PA","15201","USA","True"
"25","13","Billing","6419 Harbor St","","Pittsburgh","PA","15201","USA","True"
"26","13","Shipping","2367 Freight St","","Kansas City","MO","64106","USA","True"
"27","14","Billing","6871 Park St","","Columbus","OH","43215","USA","True"
"28","14","Shipping","4902 Industrial St","","Pittsburgh","PA","15201","USA","True"
"29","15","Billing","4246 Park St","","Chicago","IL","60601","USA","True"
"30","15","Shipping","5274 Union St","","Phoenix","AZ","85001","USA","True"
"31","16","Billing","6226 Park St","","Cleveland","OH","44101","USA","True"
"32","16","Shipping","6432 Park St","","Detroit","MI","48201","USA","True"
"33","17","Billing","3748 Freight St","","Reno","NV","89501","USA","True"
"34","17","Shipping","6957 Main St","","Dallas","TX","75201","USA","True"
"35","18","Billing","8235 Harbor St","","Pittsburgh","PA","15201","USA","True"
"36","18","Shipping","8663 Harbor St","","Kansas City","MO","64106","USA","True"
"37","19","Billing","6538 Commerce St","","Chicago","IL","60601","USA","True"
"38","19","Shipping","8508 Main St","","Detroit","MI","48201","USA","True"
"39","20","Billing","3099 Commerce St","","Reno","NV","89501","USA","True"
"40","20","Shipping","996 Union St","","Columbus","OH","43215","USA","True"
"41","21","Billing","8702 Commerce St","","St. Louis","MO","63101","USA","True"
"42","21","Shipping","7071 Main St","","Chicago","IL","60601","USA","True"
"43","22","Billing","1115 Liberty St","","Houston","TX","77002","USA","True"
"44","22","Shipping","8842 Park St","","Columbus","OH","43215","USA","True"
"45","23","Billing","1086 Park St","","Cleveland","OH","44101","USA","True"
"46","23","Shipping","6119 Industrial St","","Dallas","TX","75201","USA","True"
"47","24","Billing","5970 Commerce St","","Detroit","MI","48201","USA","True"
"48","24","Shipping","3130 Industrial St","","Detroit","MI","48201","USA","True"
"49","25","Billing","5396 Industrial St","","Reno","NV","89501","USA","True"
"50","25","Shipping","3773 Main St","","Columbus","OH","43215","USA","True"
"51","26","Billing","2486 Commerce St","","Reno","NV","89501","USA","True"
"52","26","Shipping","3506 Harbor St","","Phoenix","AZ","85001","USA","True"
"53","27","Billing","7715 Commerce St","","Phoenix","AZ","85001","USA","True"
"54","27","Shipping","1549 Industrial St","","St. Louis","MO","63101","USA","True"
"55","28","Billing","6099 Park St","","Kansas City","MO","64106","USA","True"
"56","28","Shipping","5226 Freight St","","Kansas City","MO","64106","USA","True"
"57","29","Billing","1467 Park St","","Cleveland","OH","44101","USA","True"
"58","29","Shipping","4060 Park St","","Pittsburgh","PA","15201","USA","True"
"59","30","Billing","1437 Union St","","Indianapolis","IN","46201","USA","True"
"60","30","Shipping","6971 Harbor St","","Kansas City","MO","64106","USA","True"
"61","31","Billing","764 Harbor St","","Detroit","MI","48201","USA","True"
"62","31","Shipping","5527 Main St","","St. Louis","MO","63101","USA","True"
"63","32","Billing","3641 Park St","","Phoenix","AZ","85001","USA","True"
"64","32","Shipping","4440 Union St","","Phoenix","AZ","85001","USA","True"
"65","33","Billing","4592 Industrial St","","Houston","TX","77002","USA","True"
"66","33","Shipping","3964 Main St","","Cleveland","OH","44101","USA","True"
"67","34","Billing","667 Liberty St","","Kansas City","MO","64106","USA","True"
"68","34","Shipping","7372 Commerce St","","Pittsburgh","PA","15201","USA","True"
"69","35","Billing","8709 Commerce St","","Indianapolis","IN","46201","USA","True"
"70","35","Shipping","6978 Freight St","","Dallas","TX","75201","USA","True"
"71","36","Billing","7438 Main St","","Detroit","MI","48201","USA","True"
"72","36","Shipping","7035 Industrial St","","Pittsburgh","PA","15201","USA","True"
"73","37","Billing","6713 Commerce St","","Reno","NV","89501","USA","True"
"74","37","Shipping","5750 Union St","","Pittsburgh","PA","15201","USA","True"
"75","38","Billing","3169 Liberty St","","Kansas City","MO","64106","USA","True"
"76","38","Shipping","2046 Union St","","Indianapolis","IN","46201","USA","True"
"77","39","Billing","8441 Liberty St","","Detroit","MI","48201","USA","True"
"78","39","Shipping","6967 Freight St","","Pittsburgh","PA","15201","USA","True"
"79","40","Billing","827 Industrial St","","Indianapolis","IN","46201","USA","True"
"80","40","Shipping","3722 Freight St","","Houston","TX","77002","USA","True"
"81","41","Billing","7782 Liberty St","","Kansas City","MO","64106","USA","True"
"82","41","Shipping","989 Liberty St","","Reno","NV","89501","USA","True"
"83","42","Billing","7230 Main St","","Cleveland","OH","44101","USA","True"
"84","42","Shipping","7234 Freight St","","Dallas","TX","75201","USA","True"
"85","43","Billing","1451 Industrial St","","Phoenix","AZ","85001","USA","True"
"86","43","Shipping","4801 Commerce St","","Kansas City","MO","64106","USA","True"
"87","44","Billing","2550 Industrial St","","Kansas City","MO","64106","USA","True"
"88","44","Shipping","229 Commerce St","","St. Louis","MO","63101","USA","True"
"89","45","Billing","7688 Main St","","Detroit","MI","48201","USA","True"
"90","45","Shipping","7024 Park St","","Reno","NV","89501","USA","True"
"91","46","Billing","7569 Liberty St","","Cleveland","OH","44101","USA","True"
"92","46","Shipping","6827 Industrial St","","Phoenix","AZ","85001","USA","True"
"93","47","Billing","3195 Park St","","Reno","NV","89501","USA","True"
"94","47","Shipping","8594 Harbor St","","Kansas City","MO","64106","USA","True"
"95","48","Billing","9036 Commerce St","","Detroit","MI","48201","USA","True"
"96","48","Shipping","6141 Park St","","Dallas","TX","75201","USA","True"
"97","49","Billing","2501 Main St","","Chicago","IL","60601","USA","True"
"98","49","Shipping","4631 Industrial St","","Reno","NV","89501","USA","True"
"99","50","Billing","368 Industrial St","","Pittsburgh","PA","15201","USA","True"
"100","50","Shipping","2398 Freight St","","Dallas","TX","75201","USA","True"
"101","51","Billing","5822 Main St","","Columbus","OH","43215","USA","True"
"102","51","Shipping","8761 Liberty St","","St. Louis","MO","63101","USA","True"
"103","52","Billing","7231 Park St","","Detroit","MI","48201","USA","True"
"104","52","Shipping","1307 Commerce St","","Kansas City","MO","64106","USA","True"
"105","53","Billing","5646 Liberty St","","Columbus","OH","43215","USA","True"
"106","53","Shipping","6362 Union St","","Cleveland","OH","44101","USA","True"
"107","54","Billing","735 Harbor St","","Kansas City","MO","64106","USA","True"
"108","54","Shipping","5923 Freight St","","St. Louis","MO","63101","USA","True"
"109","55","Billing","3995 Park St","","Columbus","OH","43215","USA","True"
"110","55","Shipping","1713 Freight St","","Cleveland","OH","44101","USA","True"
"111","56","Billing","8430 Commerce St","","Pittsburgh","PA","15201","USA","True"
"112","56","Shipping","7384 Union St","","Phoenix","AZ","85001","USA","True"
"113","57","Billing","8968 Main St","","Phoenix","AZ","85001","USA","True"
"114","57","Shipping","6040 Harbor St","","Phoenix","AZ","85001","USA","True"
"115","58","Billing","3313 Freight St","","Kansas City","MO","64106","USA","True"
"116","58","Shipping","3884 Freight St","","Reno","NV","89501","USA","True"
"117","59","Billing","6597 Harbor St","","Houston","TX","77002","USA","True"
"118","59","Shipping","7684 Main St","","Reno","NV","89501","USA","True"
"119","60","Billing","2980 Freight St","","Chicago","IL","60601","USA","True"
"120","60","Shipping","711 Park St","","Dallas","TX","75201","USA","True"
