"CustomerID","CustomerCode","CompanyName","ContactFirstName","ContactLastName","Email","Phone","CustomerType","CreditLimit","IsActive","CreatedDate"
"1","CUST-0001","Anchor Industrial Supply Inc.","David","Lewis","dlewis@anchorindustrialsupplyinc.com","+1-446-555-4277","Government","315455.00","True","9/17/2026 9:15:04 AM"
"2","CUST-0002","Anchor Industrial Supply Industries","Steven","Turner","sturner@anchorindustrialsupplyindustries.com","+1-715-555-1010","Government","444143.00","True","9/17/2026 9:15:04 AM"
"3","CUST-0003","Anchor Industrial Supply LLC","Linda","Anderson","landerson@anchorindustrialsupplyllc.com","+1-541-555-0680","Government","81276.00","True","9/17/2026 9:15:04 AM"
"4","CUST-0004","Anchor Mechanical Systems LLC","Susan","Jackson","sjackson@anchormechanicalsystemsllc.com","+1-298-555-4327","Wholesale","219220.00","True","9/17/2026 9:15:04 AM"
"5","CUST-0005","Apex Engineering Industries","Patricia","King","pking@apexengineeringindustries.com","+1-404-555-2135","Government","70310.00","True","9/17/2026 9:15:04 AM"
"6","CUST-0006","Apex Hydraulics Co.","Paul","Nelson","pnelson@apexhydraulicsco.com","+1-626-555-9842","Government","461286.00","True","9/17/2026 9:15:04 AM"
"7","CUST-0007","Apex Industrial Supply Co.","Donna","Foster","dfoster@apexindustrialsupplyco.com","+1-243-555-3727","Wholesale","67929.00","True","9/17/2026 9:15:04 AM"
"8","CUST-0008","Apex Motor Works Co.","Daniel","Evans","devans@apexmotorworksco.com","+1-249-555-1824","Retail","115114.00","True","9/17/2026 9:15:04 AM"
"9","CUST-0009","Apex Tooling Solutions Corp.","Susan","Harris","sharris@apextoolingsolutionscorp.com","+1-341-555-6503","Retail","341852.00","True","9/17/2026 9:15:04 AM"
"10","CUST-0010","Atlas Equipment Co.","Paul","Davis","pdavis@atlasequipmentco.com","+1-565-555-9344","Wholesale","492329.00","True","9/17/2026 9:15:04 AM"
"11","CUST-0011","Atlas Equipment Group","Daniel","Nelson","dnelson@atlasequipmentgroup.com","+1-245-555-1125","Wholesale","108817.00","True","9/17/2026 9:15:04 AM"
"12","CUST-0012","Atlas Hydraulics Corp.","Nancy","Irwin","nirwin@atlashydraulicscorp.com","+1-857-555-5271","Retail","23491.00","True","9/17/2026 9:15:04 AM"
"13","CUST-0013","Atlas Tooling Solutions Industries","Mark","Lewis","mlewis@atlastoolingsolutionsindustries.com","+1-734-555-0905","Government","41878.00","True","9/17/2026 9:15:04 AM"
"14","CUST-0014","Blue Ridge Engineering Industries","Donna","Brown","dbrown@blueridgeengineeringindustries.com","+1-299-555-6827","Government","394895.00","True","9/17/2026 9:15:04 AM"
"15","CUST-0015","Blue Ridge Manufacturing Corp.","Robert","Davis","rdavis@blueridgemanufacturingcorp.com","+1-471-555-6603","Government","258594.00","True","9/17/2026 9:15:04 AM"
"16","CUST-0016","Blue Ridge Tooling Solutions Co.","James","Foster","jfoster@blueridgetoolingsolutionsco.com","+1-689-555-2620","Retail","186862.00","True","9/17/2026 9:15:04 AM"
"17","CUST-0017","Cascade Machine Works Corp.","Patricia","Anderson","panderson@cascademachineworkscorp.com","+1-367-555-1642","Government","98923.00","True","9/17/2026 9:15:04 AM"
"18","CUST-0018","Crescent Equipment Co.","Laura","Anderson","landerson@crescentequipmentco.com","+1-370-555-4311","Distributor","343279.00","True","9/17/2026 9:15:04 AM"
"19","CUST-0019","Crescent Manufacturing Co.","Nancy","Lewis","nlewis@crescentmanufacturingco.com","+1-644-555-9535","Government","178233.00","True","9/17/2026 9:15:04 AM"
"20","CUST-0020","Frontier Hydraulics Corp.","Robert","Nelson","rnelson@frontierhydraulicscorp.com","+1-846-555-8940","Government","136629.00","True","9/17/2026 9:15:04 AM"
"21","CUST-0021","Frontier Hydraulics Industries","Michael","Turner","mturner@frontierhydraulicsindustries.com","+1-765-555-3664","Government","144608.00","True","9/17/2026 9:15:04 AM"
"22","CUST-0022","Frontier Industrial Supply LLC","Mark","Nelson","mnelson@frontierindustrialsupplyllc.com","+1-869-555-8272","Retail","209505.00","True","9/17/2026 9:15:04 AM"
"23","CUST-0023","Frontier Tooling Solutions Co.","Kevin","Davis","kdavis@frontiertoolingsolutionsco.com","+1-290-555-2461","Government","46324.00","True","9/17/2026 9:15:04 AM"
"24","CUST-0024","Granite Hydraulics Inc.","Michael","King","mking@granitehydraulicsinc.com","+1-747-555-0685","Government","322904.00","True","9/17/2026 9:15:04 AM"
"25","CUST-0025","Granite Motor Works Industries","Patricia","King","pking@granitemotorworksindustries.com","+1-604-555-5925","Distributor","12009.00","True","9/17/2026 9:15:04 AM"
"26","CUST-0026","Ironclad Engineering LLC","John","Anderson","janderson@ironcladengineeringllc.com","+1-258-555-5364","Retail","467265.00","True","9/17/2026 9:15:04 AM"
"27","CUST-0027","Ironclad Hydraulics Inc.","James","Brown","jbrown@ironcladhydraulicsinc.com","+1-802-555-4727","Government","351520.00","True","9/17/2026 9:15:04 AM"
"28","CUST-0028","Ironclad Industrial Supply Group","Linda","Anderson","landerson@ironcladindustrialsupplygroup.com","+1-600-555-5478","Retail","433120.00","True","9/17/2026 9:15:04 AM"
"29","CUST-0029","Ironclad Mechanical Systems Inc.","Patricia","Owens","powens@ironcladmechanicalsystemsinc.com","+1-712-555-2359","Wholesale","141358.00","True","9/17/2026 9:15:04 AM"
"30","CUST-0030","Ironclad Motor Works Inc.","Sandra","Clark","sclark@ironcladmotorworksinc.com","+1-220-555-7861","Retail","293222.00","True","9/17/2026 9:15:04 AM"
"31","CUST-0031","Keystone Fabrication Co.","Betty","Martinez","bmartinez@keystonefabricationco.com","+1-809-555-7653","Government","101252.00","True","9/17/2026 9:15:04 AM"
"32","CUST-0032","Keystone Fabrication LLC","Daniel","Irwin","dirwin@keystonefabricationllc.com","+1-773-555-4670","Government","45460.00","True","9/17/2026 9:15:04 AM"
"33","CUST-0033","Keystone Hydraulics Industries","John","Quinn","jquinn@keystonehydraulicsindustries.com","+1-266-555-6786","Government","118519.00","True","9/17/2026 9:15:04 AM"
"34","CUST-0034","Keystone Industrial Supply Inc.","Mark","Owens","mowens@keystoneindustrialsupplyinc.com","+1-645-555-8412","Government","175723.00","True","9/17/2026 9:15:04 AM"
"35","CUST-0035","Meridian Equipment Co.","Sandra","Turner","sturner@meridianequipmentco.com","+1-410-555-7649","Government","107420.00","True","9/17/2026 9:15:04 AM"
"36","CUST-0036","Meridian Equipment LLC","Sandra","Irwin","sirwin@meridianequipmentllc.com","+1-687-555-9334","Distributor","130234.00","True","9/17/2026 9:15:04 AM"
"37","CUST-0037","Meridian Machine Works Corp.","Patricia","Quinn","pquinn@meridianmachineworkscorp.com","+1-711-555-0294","Retail","425714.00","True","9/17/2026 9:15:04 AM"
"38","CUST-0038","Midwest Machine Works Industries","John","Quinn","jquinn@midwestmachineworksindustries.com","+1-733-555-2817","Retail","56207.00","True","9/17/2026 9:15:04 AM"
"39","CUST-0039","Pioneer Engineering Inc.","Susan","Garcia","sgarcia@pioneerengineeringinc.com","+1-857-555-6085","Retail","150738.00","True","9/17/2026 9:15:04 AM"
"40","CUST-0040","Pioneer Equipment Corp.","Linda","Owens","lowens@pioneerequipmentcorp.com","+1-593-555-5484","Government","178801.00","True","9/17/2026 9:15:04 AM"
"41","CUST-0041","Pioneer Mechanical Systems Co.","Susan","Quinn","squinn@pioneermechanicalsystemsco.com","+1-762-555-1812","Retail","320892.00","True","9/17/2026 9:15:04 AM"
"42","CUST-0042","Pioneer Tooling Solutions Co.","Steven","Turner","sturner@pioneertoolingsolutionsco.com","+1-504-555-1016","Wholesale","413178.00","True","9/17/2026 9:15:04 AM"
"43","CUST-0043","Precision Equipment Group","Laura","Evans","levans@precisionequipmentgroup.com","+1-669-555-2822","Wholesale","278014.00","True","9/17/2026 9:15:04 AM"
"44","CUST-0044","Precision Machine Works Group","Maria","Garcia","mgarcia@precisionmachineworksgroup.com","+1-774-555-8887","Wholesale","29384.00","True","9/17/2026 9:15:04 AM"
"45","CUST-0045","Precision Machine Works Industries","Maria","Garcia","mgarcia@precisionmachineworksindustries.com","+1-714-555-8864","Wholesale","417620.00","True","9/17/2026 9:15:04 AM"
"46","CUST-0046","Precision Mechanical Systems Inc.","Maria","Clark","mclark@precisionmechanicalsystemsinc.com","+1-380-555-6581","Government","196953.00","True","9/17/2026 9:15:04 AM"
"47","CUST-0047","Redwood Manufacturing Inc.","Maria","Parker","mparker@redwoodmanufacturinginc.com","+1-613-555-8111","Government","335029.00","True","9/17/2026 9:15:04 AM"
"48","CUST-0048","Redwood Tooling Solutions LLC","Robert","Martinez","rmartinez@redwoodtoolingsolutionsllc.com","+1-286-555-1036","Distributor","485950.00","True","9/17/2026 9:15:04 AM"
"49","CUST-0049","Sterling Machine Works Corp.","Steven","Foster","sfoster@sterlingmachineworkscorp.com","+1-274-555-1436","Retail","395469.00","True","9/17/2026 9:15:04 AM"
"50","CUST-0050","Summit Engineering Inc.","Susan","Quinn","squinn@summitengineeringinc.com","+1-546-555-8429","Retail","375263.00","True","9/17/2026 9:15:04 AM"
"51","CUST-0051","Summit Hydraulics Group","Kevin","Reed","kreed@summithydraulicsgroup.com","+1-207-555-9409","Government","229093.00","True","9/17/2026 9:15:04 AM"
"52","CUST-0052","Summit Mechanical Systems Corp.","Betty","Anderson","banderson@summitmechanicalsystemscorp.com","+1-487-555-6618","Government","23498.00","True","9/17/2026 9:15:04 AM"
"53","CUST-0053","Titan Equipment Co.","Sandra","Jackson","sjackson@titanequipmentco.com","+1-249-555-2015","Government","282491.00","True","9/17/2026 9:15:04 AM"
"54","CUST-0054","Titan Hydraulics LLC","Karen","Brown","kbrown@titanhydraulicsllc.com","+1-642-555-8886","Government","333911.00","True","9/17/2026 9:15:04 AM"
"55","CUST-0055","Titan Mechanical Systems Industries","Laura","Lewis","llewis@titanmechanicalsystemsindustries.com","+1-555-555-3153","Wholesale","74125.00","True","9/17/2026 9:15:04 AM"
"56","CUST-0056","Vanguard Hydraulics LLC","Donna","King","dking@vanguardhydraulicsllc.com","+1-687-555-1479","Wholesale","12304.00","True","9/17/2026 9:15:04 AM"
"57","CUST-0057","Vanguard Industrial Supply Inc.","Linda","Garcia","lgarcia@vanguardindustrialsupplyinc.com","+1-518-555-0849","Wholesale","138239.00","True","9/17/2026 9:15:04 AM"
"58","CUST-0058","Vanguard Machine Works LLC","Betty","Parker","bparker@vanguardmachineworksllc.com","+1-791-555-3283","Retail","287851.00","True","9/17/2026 9:15:04 AM"
"59","CUST-0059","Vanguard Manufacturing Corp.","Nancy","Martinez","nmartinez@vanguardmanufacturingcorp.com","+1-578-555-9194","Government","250130.00","True","9/17/2026 9:15:04 AM"
"60","CUST-0060","Vanguard Manufacturing Group","Linda","Harris","lharris@vanguardmanufacturinggroup.com","+1-843-555-4907","Government","217599.00","True","9/17/2026 9:15:04 AM"
