"InventoryID","ProductID","WarehouseID","QuantityOnHand","QuantityReserved","QuantityAvailable","ReorderLevel","ReorderQuantity","LastRestockDate"
"1","1","2","412","2","410","53","68","8/15/2026 9:15:04 AM"
"2","11","2","219","64","155","44","117","8/12/2026 9:15:04 AM"
"3","21","2","104","31","73","40","102","8/20/2026 9:15:04 AM"
"4","31","2","306","0","306","59","75","9/7/2026 9:15:04 AM"
"5","41","2","357","162","195","45","52","8/6/2026 9:15:04 AM"
"6","51","2","268","128","140","47","81","7/28/2026 9:15:04 AM"
"7","61","2","441","51","390","27","108","8/21/2026 9:15:04 AM"
"8","71","2","132","13","119","57","65","8/15/2026 9:15:04 AM"
"9","81","2","40","12","28","44","148","7/31/2026 9:15:04 AM"
"10","91","2","399","134","265","62","87","7/10/2026 9:15:04 AM"
"11","101","2","492","78","414","56","115","7/12/2026 9:15:04 AM"
"12","111","2","84","30","54","25","81","8/21/2026 9:15:04 AM"
"13","121","2","97","44","53","37","66","6/27/2026 9:15:04 AM"
"14","131","2","122","48","74","27","62","8/23/2026 9:15:04 AM"
"15","2","2","189","78","111","35","94","8/9/2026 9:15:04 AM"
"16","12","2","44","16","28","37","149","8/4/2026 9:15:04 AM"
"17","22","2","81","32","49","30","118","7/4/2026 9:15:04 AM"
"18","32","2","17","1","16","27","148","8/21/2026 9:15:04 AM"
"19","42","2","170","49","121","43","51","9/7/2026 9:15:04 AM"
"20","52","2","176","24","152","68","96","8/29/2026 9:15:04 AM"
"21","62","2","285","26","259","51","147","8/11/2026 9:15:04 AM"
"22","72","2","486","150","336","67","82","8/7/2026 9:15:04 AM"
"23","82","2","328","60","268","72","120","7/2/2026 9:15:04 AM"
"24","92","2","411","59","352","44","102","8/17/2026 9:15:04 AM"
"25","102","2","309","135","174","26","139","7/12/2026 9:15:04 AM"
"26","112","2","113","50","63","56","111","6/24/2026 9:15:04 AM"
"27","122","2","32","1","31","65","138","8/30/2026 9:15:04 AM"
"28","132","2","495","64","431","61","58","9/12/2026 9:15:04 AM"
"29","3","2","143","19","124","70","53","6/27/2026 9:15:04 AM"
"30","13","2","391","118","273","64","89","8/10/2026 9:15:04 AM"
"31","23","2","261","100","161","54","144","8/7/2026 9:15:04 AM"
"32","33","2","149","3","146","54","133","8/1/2026 9:15:04 AM"
"33","43","2","195","83","112","63","117","9/17/2026 9:15:04 AM"
"34","53","2","225","75","150","58","70","6/25/2026 9:15:04 AM"
"35","63","2","53","16","37","40","73","9/1/2026 9:15:04 AM"
"36","73","2","123","29","94","66","92","9/16/2026 9:15:04 AM"
"37","83","2","207","43","164","30","134","8/16/2026 9:15:04 AM"
"38","93","2","297","20","277","55","110","6/21/2026 9:15:04 AM"
"39","103","2","261","29","232","41","97","7/29/2026 9:15:04 AM"
"40","113","2","211","92","119","29","110","9/16/2026 9:15:04 AM"
"41","123","2","370","27","343","73","96","8/4/2026 9:15:04 AM"
"42","133","2","280","87","193","51","98","7/16/2026 9:15:04 AM"
"43","4","2","65","19","46","33","119","7/25/2026 9:15:04 AM"
"44","14","2","237","91","146","54","56","8/2/2026 9:15:04 AM"
"45","24","2","74","2","72","28","142","9/6/2026 9:15:04 AM"
"46","34","2","478","79","399","36","116","8/2/2026 9:15:04 AM"
"47","44","2","254","116","138","52","65","8/24/2026 9:15:04 AM"
"48","54","2","195","22","173","50","61","6/25/2026 9:15:04 AM"
"49","64","2","218","13","205","33","54","7/7/2026 9:15:04 AM"
"50","74","2","498","218","280","63","114","6/27/2026 9:15:04 AM"
"51","84","2","384","37","347","68","110","8/5/2026 9:15:04 AM"
"52","94","2","393","27","366","43","141","8/3/2026 9:15:04 AM"
"53","104","2","281","95","186","72","115","9/14/2026 9:15:04 AM"
"54","114","2","60","19","41","52","116","8/12/2026 9:15:04 AM"
"55","124","2","193","24","169","29","82","7/9/2026 9:15:04 AM"
"56","134","2","71","19","52","41","61","7/19/2026 9:15:04 AM"
"57","5","2","59","0","59","48","88","9/7/2026 9:15:04 AM"
"58","15","2","110","44","66","51","120","7/19/2026 9:15:04 AM"
"59","25","2","449","87","362","32","120","7/30/2026 9:15:04 AM"
"60","35","2","76","15","61","40","128","8/9/2026 9:15:04 AM"
"61","45","2","144","49","95","52","68","7/28/2026 9:15:04 AM"
"62","55","2","57","16","41","59","116","8/30/2026 9:15:04 AM"
"63","65","2","15","5","10","40","77","9/7/2026 9:15:04 AM"
"64","75","2","196","21","175","44","144","7/11/2026 9:15:04 AM"
"65","85","2","325","153","172","35","134","7/18/2026 9:15:04 AM"
"66","95","2","437","16","421","46","148","9/10/2026 9:15:04 AM"
"67","105","2","105","49","56","35","115","8/2/2026 9:15:04 AM"
"68","115","2","53","9","44","31","82","7/15/2026 9:15:04 AM"
"69","125","2","281","66","215","32","84","8/19/2026 9:15:04 AM"
"70","135","2","258","103","155","45","107","8/4/2026 9:15:04 AM"
"71","6","2","165","31","134","60","128","6/29/2026 9:15:04 AM"
"72","16","2","29","12","17","48","51","9/14/2026 9:15:04 AM"
"73","26","2","149","29","120","57","129","9/4/2026 9:15:04 AM"
"74","36","2","187","67","120","46","105","8/26/2026 9:15:04 AM"
"75","46","2","93","36","57","52","54","9/6/2026 9:15:04 AM"
"76","56","2","163","79","84","41","74","7/23/2026 9:15:04 AM"
"77","66","2","454","17","437","36","124","7/15/2026 9:15:04 AM"
"78","76","2","22","6","16","50","148","8/8/2026 9:15:04 AM"
"79","86","2","335","137","198","56","115","9/2/2026 9:15:04 AM"
"80","96","2","163","34","129","56","105","7/25/2026 9:15:04 AM"
"81","106","2","104","9","95","68","106","9/12/2026 9:15:04 AM"
"82","116","2","99","45","54","35","68","8/24/2026 9:15:04 AM"
"83","126","2","101","24","77","40","116","8/17/2026 9:15:04 AM"
"84","136","2","393","118","275","62","142","8/11/2026 9:15:04 AM"
"85","7","2","2","0","2","35","84","6/23/2026 9:15:04 AM"
"86","17","2","303","80","223","60","114","7/29/2026 9:15:04 AM"
"87","27","2","312","3","309","30","109","7/13/2026 9:15:04 AM"
"88","37","2","95","13","82","62","133","9/16/2026 9:15:04 AM"
"89","47","2","27","1","26","41","117","8/6/2026 9:15:04 AM"
"90","57","2","256","73","183","45","66","9/1/2026 9:15:04 AM"
"91","67","2","265","46","219","52","125","8/5/2026 9:15:04 AM"
"92","77","2","170","48","122","66","145","7/17/2026 9:15:04 AM"
"93","87","2","309","69","240","69","61","9/2/2026 9:15:04 AM"
"94","97","2","309","41","268","33","52","9/15/2026 9:15:04 AM"
"95","107","2","458","33","425","27","117","9/14/2026 9:15:04 AM"
"96","117","2","267","58","209","72","130","9/15/2026 9:15:04 AM"
"97","127","2","422","123","299","61","104","7/28/2026 9:15:04 AM"
"98","137","2","426","102","324","51","131","8/23/2026 9:15:04 AM"
"99","8","2","272","101","171","67","83","9/1/2026 9:15:04 AM"
"100","18","2","285","109","176","49","114","7/3/2026 9:15:04 AM"
"101","28","2","322","92","230","36","60","9/2/2026 9:15:04 AM"
"102","38","2","40","19","21","60","76","8/3/2026 9:15:04 AM"
"103","48","2","164","60","104","48","130","9/3/2026 9:15:04 AM"
"104","58","2","70","17","53","32","66","6/26/2026 9:15:04 AM"
"105","68","2","463","59","404","40","139","6/30/2026 9:15:04 AM"
"106","78","2","58","14","44","62","108","9/10/2026 9:15:04 AM"
"107","88","2","187","4","183","35","60","6/26/2026 9:15:04 AM"
"108","98","2","377","141","236","30","58","9/3/2026 9:15:04 AM"
"109","108","2","56","0","56","25","74","7/6/2026 9:15:04 AM"
"110","118","2","215","79","136","29","60","8/4/2026 9:15:04 AM"
"111","128","2","362","70","292","50","109","6/30/2026 9:15:04 AM"
"112","138","2","196","26","170","31","116","9/10/2026 9:15:04 AM"
"113","9","2","202","28","174","51","133","8/16/2026 9:15:04 AM"
"114","19","2","339","22","317","35","139","9/15/2026 9:15:04 AM"
"115","29","2","39","5","34","39","63","8/18/2026 9:15:04 AM"
"116","39","2","228","39","189","54","119","8/20/2026 9:15:04 AM"
"117","49","2","316","21","295","27","59","8/21/2026 9:15:04 AM"
"118","59","2","26","1","25","42","100","8/13/2026 9:15:04 AM"
"119","69","2","133","7","126","42","61","7/17/2026 9:15:04 AM"
"120","79","2","269","83","186","66","101","8/22/2026 9:15:04 AM"
"121","89","2","258","88","170","60","80","9/6/2026 9:15:04 AM"
"122","99","2","316","72","244","69","60","9/11/2026 9:15:04 AM"
"123","109","2","157","74","83","63","148","9/4/2026 9:15:04 AM"
"124","119","2","327","22","305","36","51","6/28/2026 9:15:04 AM"
"125","129","2","479","116","363","72","70","6/28/2026 9:15:04 AM"
"126","139","2","307","66","241","39","126","7/24/2026 9:15:04 AM"
"127","10","2","112","30","82","34","63","7/18/2026 9:15:04 AM"
"128","20","2","209","82","127","53","101","9/9/2026 9:15:04 AM"
"129","30","2","233","56","177","58","86","9/10/2026 9:15:04 AM"
"130","40","2","342","146","196","74","100","7/26/2026 9:15:04 AM"
"131","50","2","346","83","263","71","131","9/14/2026 9:15:04 AM"
"132","60","2","237","114","123","59","86","9/7/2026 9:15:04 AM"
"133","70","2","293","73","220","28","72","7/3/2026 9:15:04 AM"
"134","80","2","195","55","140","56","138","8/7/2026 9:15:04 AM"
"135","90","2","332","129","203","54","88","7/14/2026 9:15:04 AM"
"136","100","2","34","2","32","30","139","8/30/2026 9:15:04 AM"
"137","110","2","400","165","235","68","75","7/31/2026 9:15:04 AM"
"138","120","2","278","76","202","70","93","7/28/2026 9:15:04 AM"
"139","130","2","447","4","443","46","54","7/17/2026 9:15:04 AM"
"140","140","2","72","28","44","59","125","9/4/2026 9:15:04 AM"
"141","1","1","254","90","164","36","95","7/15/2026 9:15:04 AM"
"142","11","1","71","31","40","49","139","7/19/2026 9:15:04 AM"
"143","21","1","424","19","405","45","68","8/29/2026 9:15:04 AM"
"144","31","1","465","202","263","65","108","8/16/2026 9:15:04 AM"
"145","41","1","261","87","174","47","127","6/20/2026 9:15:04 AM"
"146","51","1","149","55","94","34","62","8/28/2026 9:15:04 AM"
"147","61","1","498","21","477","31","120","9/5/2026 9:15:04 AM"
"148","71","1","20","6","14","32","109","7/29/2026 9:15:04 AM"
"149","81","1","329","129","200","56","63","6/30/2026 9:15:04 AM"
"150","91","1","247","64","183","51","113","7/7/2026 9:15:04 AM"
"151","101","1","273","116","157","45","147","7/25/2026 9:15:04 AM"
"152","111","1","225","32","193","47","63","7/4/2026 9:15:04 AM"
"153","121","1","433","114","319","35","113","7/4/2026 9:15:04 AM"
"154","131","1","386","84","302","43","146","7/7/2026 9:15:04 AM"
"155","2","1","92","23","69","50","54","9/8/2026 9:15:04 AM"
"156","12","1","281","26","255","33","96","8/16/2026 9:15:04 AM"
"157","22","1","199","33","166","40","121","7/21/2026 9:15:04 AM"
"158","32","1","247","44","203","70","104","7/8/2026 9:15:04 AM"
"159","42","1","219","108","111","47","76","6/27/2026 9:15:04 AM"
"160","52","1","413","54","359","48","66","7/3/2026 9:15:04 AM"
"161","62","1","324","150","174","65","99","8/13/2026 9:15:04 AM"
"162","72","1","263","35","228","61","111","6/20/2026 9:15:04 AM"
"163","82","1","395","143","252","32","102","9/8/2026 9:15:04 AM"
"164","92","1","224","58","166","65","100","6/29/2026 9:15:04 AM"
"165","102","1","322","111","211","54","75","9/8/2026 9:15:04 AM"
"166","112","1","286","77","209","35","128","9/10/2026 9:15:04 AM"
"167","122","1","4","1","3","34","102","8/2/2026 9:15:04 AM"
"168","132","1","380","67","313","29","146","6/22/2026 9:15:04 AM"
"169","3","1","269","84","185","34","88","7/25/2026 9:15:04 AM"
"170","13","1","174","45","129","48","99","8/6/2026 9:15:04 AM"
"171","23","1","497","32","465","40","143","7/12/2026 9:15:04 AM"
"172","33","1","27","9","18","46","61","8/7/2026 9:15:04 AM"
"173","43","1","444","20","424","47","133","7/28/2026 9:15:04 AM"
"174","53","1","260","128","132","54","103","7/17/2026 9:15:04 AM"
"175","63","1","355","162","193","56","144","7/14/2026 9:15:04 AM"
"176","73","1","110","35","75","47","111","7/11/2026 9:15:04 AM"
"177","83","1","368","75","293","46","126","8/25/2026 9:15:04 AM"
"178","93","1","424","23","401","29","136","8/11/2026 9:15:04 AM"
"179","103","1","59","22","37","25","75","8/19/2026 9:15:04 AM"
"180","113","1","157","68","89","61","88","7/31/2026 9:15:04 AM"
"181","123","1","364","149","215","66","57","8/13/2026 9:15:04 AM"
"182","133","1","32","5","27","47","117","7/18/2026 9:15:04 AM"
"183","4","1","473","0","473","39","128","8/10/2026 9:15:04 AM"
"184","14","1","116","2","114","38","131","9/2/2026 9:15:04 AM"
"185","24","1","230","26","204","46","125","8/16/2026 9:15:04 AM"
"186","34","1","183","70","113","25","137","6/29/2026 9:15:04 AM"
"187","44","1","327","105","222","50","122","9/1/2026 9:15:04 AM"
"188","54","1","205","55","150","29","138","7/18/2026 9:15:04 AM"
"189","64","1","369","153","216","67","104","7/22/2026 9:15:04 AM"
"190","74","1","387","116","271","49","66","7/25/2026 9:15:04 AM"
"191","84","1","437","30","407","37","70","8/2/2026 9:15:04 AM"
"192","94","1","193","1","192","54","129","9/11/2026 9:15:04 AM"
"193","104","1","396","44","352","40","148","7/3/2026 9:15:04 AM"
"194","114","1","390","145","245","35","71","8/18/2026 9:15:04 AM"
"195","124","1","381","39","342","42","91","6/25/2026 9:15:04 AM"
"196","134","1","135","3","132","27","78","7/8/2026 9:15:04 AM"
"197","5","1","252","118","134","37","67","9/9/2026 9:15:04 AM"
"198","15","1","373","153","220","36","137","8/24/2026 9:15:04 AM"
"199","25","1","302","0","302","27","101","7/12/2026 9:15:04 AM"
"200","35","1","198","70","128","31","136","8/12/2026 9:15:04 AM"
"201","45","1","497","82","415","59","123","7/24/2026 9:15:04 AM"
"202","55","1","150","71","79","55","127","8/28/2026 9:15:04 AM"
"203","65","1","355","47","308","47","88","8/1/2026 9:15:04 AM"
"204","75","1","445","87","358","34","106","7/24/2026 9:15:04 AM"
"205","85","1","141","6","135","41","133","7/16/2026 9:15:04 AM"
"206","95","1","166","40","126","58","133","7/30/2026 9:15:04 AM"
"207","105","1","94","7","87","37","143","7/25/2026 9:15:04 AM"
"208","115","1","343","11","332","41","147","7/10/2026 9:15:04 AM"
"209","125","1","133","55","78","63","117","7/12/2026 9:15:04 AM"
"210","135","1","357","46","311","70","130","6/29/2026 9:15:04 AM"
"211","6","1","104","9","95","59","142","8/22/2026 9:15:04 AM"
"212","16","1","126","49","77","29","101","7/27/2026 9:15:04 AM"
"213","26","1","207","60","147","50","112","8/7/2026 9:15:04 AM"
"214","36","1","3","0","3","60","112","8/11/2026 9:15:04 AM"
"215","46","1","353","13","340","62","127","7/28/2026 9:15:04 AM"
"216","56","1","61","22","39","71","93","8/14/2026 9:15:04 AM"
"217","66","1","394","145","249","25","109","7/31/2026 9:15:04 AM"
"218","76","1","154","21","133","56","100","8/8/2026 9:15:04 AM"
"219","86","1","387","160","227","35","87","7/9/2026 9:15:04 AM"
"220","96","1","190","2","188","57","133","7/9/2026 9:15:04 AM"
"221","106","1","41","14","27","52","120","7/7/2026 9:15:04 AM"
"222","116","1","237","93","144","41","66","7/29/2026 9:15:04 AM"
"223","126","1","253","39","214","73","139","6/27/2026 9:15:04 AM"
"224","136","1","264","68","196","36","75","9/11/2026 9:15:04 AM"
"225","7","1","374","28","346","73","67","7/10/2026 9:15:04 AM"
"226","17","1","476","183","293","58","58","9/3/2026 9:15:04 AM"
"227","27","1","72","16","56","39","104","9/2/2026 9:15:04 AM"
"228","37","1","316","40","276","61","56","7/10/2026 9:15:04 AM"
"229","47","1","473","201","272","49","61","9/8/2026 9:15:04 AM"
"230","57","1","57","0","57","74","106","8/19/2026 9:15:04 AM"
"231","67","1","410","37","373","34","71","8/29/2026 9:15:04 AM"
"232","77","1","98","31","67","74","85","9/8/2026 9:15:04 AM"
"233","87","1","251","98","153","33","56","8/10/2026 9:15:04 AM"
"234","97","1","268","92","176","65","113","7/25/2026 9:15:04 AM"
"235","107","1","418","167","251","70","129","8/24/2026 9:15:04 AM"
"236","117","1","262","0","262","53","108","7/16/2026 9:15:04 AM"
"237","127","1","477","136","341","42","142","8/4/2026 9:15:04 AM"
"238","137","1","350","145","205","57","122","8/26/2026 9:15:04 AM"
"239","8","1","118","25","93","47","129","8/27/2026 9:15:04 AM"
"240","18","1","348","60","288","66","91","9/1/2026 9:15:04 AM"
"241","28","1","498","179","319","47","147","8/12/2026 9:15:04 AM"
"242","38","1","254","52","202","46","69","7/4/2026 9:15:04 AM"
"243","48","1","99","20","79","52","98","9/8/2026 9:15:04 AM"
"244","58","1","102","22","80","72","94","6/27/2026 9:15:04 AM"
"245","68","1","471","179","292","45","54","8/20/2026 9:15:04 AM"
"246","78","1","369","7","362","28","91","7/19/2026 9:15:04 AM"
"247","88","1","28","12","16","54","90","8/2/2026 9:15:04 AM"
"248","98","1","271","37","234","46","86","6/20/2026 9:15:04 AM"
"249","108","1","397","93","304","36","146","7/10/2026 9:15:04 AM"
"250","118","1","141","50","91","35","54","7/10/2026 9:15:04 AM"
"251","128","1","121","20","101","41","61","9/4/2026 9:15:04 AM"
"252","138","1","316","125","191","45","105","7/31/2026 9:15:04 AM"
"253","9","1","115","21","94","27","92","6/28/2026 9:15:04 AM"
"254","19","1","223","37","186","59","50","8/30/2026 9:15:04 AM"
"255","29","1","405","27","378","32","105","8/4/2026 9:15:04 AM"
"256","39","1","145","33","112","63","147","7/26/2026 9:15:04 AM"
"257","49","1","129","49","80","64","133","7/3/2026 9:15:04 AM"
"258","59","1","235","18","217","48","54","6/29/2026 9:15:04 AM"
"259","69","1","114","48","66","69","130","7/4/2026 9:15:04 AM"
"260","79","1","373","159","214","72","70","7/23/2026 9:15:04 AM"
"261","89","1","498","149","349","38","81","7/15/2026 9:15:04 AM"
"262","99","1","293","116","177","33","54","7/20/2026 9:15:04 AM"
"263","109","1","74","10","64","44","78","7/11/2026 9:15:04 AM"
"264","119","1","170","37","133","48","69","7/25/2026 9:15:04 AM"
"265","129","1","488","220","268","29","74","9/14/2026 9:15:04 AM"
"266","139","1","423","68","355","38","59","7/18/2026 9:15:04 AM"
"267","10","1","403","88","315","34","70","7/16/2026 9:15:04 AM"
"268","20","1","164","29","135","70","79","8/6/2026 9:15:04 AM"
"269","30","1","347","3","344","43","74","7/13/2026 9:15:04 AM"
"270","40","1","159","35","124","37","61","9/4/2026 9:15:04 AM"
"271","50","1","165","56","109","33","128","8/18/2026 9:15:04 AM"
"272","60","1","471","159","312","33","126","7/3/2026 9:15:04 AM"
"273","70","1","444","80","364","49","117","8/13/2026 9:15:04 AM"
"274","80","1","477","206","271","62","119","9/12/2026 9:15:04 AM"
"275","90","1","176","67","109","52","66","9/8/2026 9:15:04 AM"
"276","100","1","341","41","300","58","143","8/11/2026 9:15:04 AM"
"277","110","1","492","167","325","59","117","9/11/2026 9:15:04 AM"
"278","120","1","317","24","293","70","77","8/26/2026 9:15:04 AM"
"279","130","1","335","79","256","52","114","8/20/2026 9:15:04 AM"
"280","140","1","481","99","382","51","76","9/1/2026 9:15:04 AM"
"281","1","3","366","22","344","70","76","7/11/2026 9:15:04 AM"
"282","11","3","368","164","204","53","135","8/22/2026 9:15:04 AM"
"283","21","3","41","16","25","39","86","8/12/2026 9:15:04 AM"
"284","31","3","300","38","262","25","62","7/11/2026 9:15:04 AM"
"285","41","3","409","124","285","47","74","8/15/2026 9:15:04 AM"
"286","51","3","183","65","118","56","59","7/9/2026 9:15:04 AM"
"287","61","3","63","11","52","70","106","8/18/2026 9:15:04 AM"
"288","71","3","20","0","20","52","58","8/19/2026 9:15:04 AM"
"289","81","3","281","81","200","55","51","9/14/2026 9:15:04 AM"
"290","91","3","479","28","451","64","117","8/7/2026 9:15:04 AM"
"291","101","3","486","164","322","30","84","9/2/2026 9:15:04 AM"
"292","111","3","147","50","97","68","54","8/17/2026 9:15:04 AM"
"293","121","3","265","100","165","47","146","6/22/2026 9:15:04 AM"
"294","131","3","85","23","62","43","97","7/12/2026 9:15:04 AM"
"295","2","3","365","27","338","51","86","9/3/2026 9:15:04 AM"
"296","12","3","339","116","223","62","126","6/23/2026 9:15:04 AM"
"297","22","3","41","17","24","40","51","7/3/2026 9:15:04 AM"
"298","32","3","311","137","174","62","147","7/11/2026 9:15:04 AM"
"299","42","3","111","16","95","52","50","9/5/2026 9:15:04 AM"
"300","52","3","312","152","160","56","58","9/7/2026 9:15:04 AM"
"301","62","3","452","88","364","31","59","7/16/2026 9:15:04 AM"
"302","72","3","75","2","73","48","81","7/31/2026 9:15:04 AM"
"303","82","3","458","202","256","30","127","7/8/2026 9:15:04 AM"
"304","92","3","71","6","65","48","106","7/26/2026 9:15:04 AM"
"305","102","3","288","128","160","59","86","7/7/2026 9:15:04 AM"
"306","112","3","319","33","286","45","59","8/20/2026 9:15:04 AM"
"307","122","3","320","61","259","43","95","7/29/2026 9:15:04 AM"
"308","132","3","449","168","281","64","136","7/23/2026 9:15:04 AM"
"309","3","3","388","168","220","67","114","8/24/2026 9:15:04 AM"
"310","13","3","439","6","433","31","63","7/1/2026 9:15:04 AM"
"311","23","3","423","165","258","50","107","7/10/2026 9:15:04 AM"
"312","33","3","235","88","147","68","125","7/30/2026 9:15:04 AM"
"313","43","3","205","87","118","57","67","9/17/2026 9:15:04 AM"
"314","53","3","143","20","123","30","96","9/1/2026 9:15:04 AM"
"315","63","3","250","58","192","43","129","8/10/2026 9:15:04 AM"
"316","73","3","75","18","57","68","107","6/25/2026 9:15:04 AM"
"317","83","3","57","18","39","54","51","8/19/2026 9:15:04 AM"
"318","93","3","1","0","1","42","50","7/13/2026 9:15:04 AM"
"319","103","3","256","6","250","45","80","9/11/2026 9:15:04 AM"
"320","113","3","289","15","274","64","108","7/14/2026 9:15:04 AM"
"321","123","3","148","15","133","41","105","8/1/2026 9:15:04 AM"
"322","133","3","183","4","179","56","91","8/22/2026 9:15:04 AM"
"323","4","3","214","37","177","68","67","8/17/2026 9:15:04 AM"
"324","14","3","41","3","38","51","119","8/11/2026 9:15:04 AM"
"325","24","3","393","64","329","37","59","7/15/2026 9:15:04 AM"
"326","34","3","404","12","392","68","146","8/28/2026 9:15:04 AM"
"327","44","3","356","4","352","56","135","8/1/2026 9:15:04 AM"
"328","54","3","156","23","133","51","80","7/5/2026 9:15:04 AM"
"329","64","3","79","27","52","62","122","7/11/2026 9:15:04 AM"
"330","74","3","481","17","464","41","112","8/10/2026 9:15:04 AM"
"331","84","3","367","88","279","70","51","7/18/2026 9:15:04 AM"
"332","94","3","129","4","125","30","67","9/7/2026 9:15:04 AM"
"333","104","3","59","17","42","58","108","8/31/2026 9:15:04 AM"
"334","114","3","411","88","323","26","136","9/6/2026 9:15:04 AM"
"335","124","3","298","79","219","34","124","8/30/2026 9:15:04 AM"
"336","134","3","317","62","255","74","77","6/25/2026 9:15:04 AM"
"337","5","3","307","131","176","28","149","8/3/2026 9:15:04 AM"
"338","15","3","423","2","421","47","79","8/30/2026 9:15:04 AM"
"339","25","3","303","113","190","70","145","6/27/2026 9:15:04 AM"
"340","35","3","486","105","381","71","52","9/3/2026 9:15:04 AM"
"341","45","3","476","84","392","69","112","6/25/2026 9:15:04 AM"
"342","55","3","367","113","254","41","126","7/24/2026 9:15:04 AM"
"343","65","3","395","1","394","73","98","6/22/2026 9:15:04 AM"
"344","75","3","193","8","185","26","73","9/14/2026 9:15:04 AM"
"345","85","3","115","32","83","58","76","7/21/2026 9:15:04 AM"
"346","95","3","61","28","33","53","69","8/26/2026 9:15:04 AM"
"347","105","3","181","87","94","31","140","6/24/2026 9:15:04 AM"
"348","115","3","232","102","130","54","100","7/18/2026 9:15:04 AM"
"349","125","3","317","131","186","70","106","7/12/2026 9:15:04 AM"
"350","135","3","20","8","12","47","138","6/22/2026 9:15:04 AM"
"351","6","3","127","18","109","51","85","7/15/2026 9:15:04 AM"
"352","16","3","87","19","68","52","76","7/3/2026 9:15:04 AM"
"353","26","3","105","5","100","37","83","8/22/2026 9:15:04 AM"
"354","36","3","63","30","33","67","99","7/1/2026 9:15:04 AM"
"355","46","3","384","74","310","43","116","7/17/2026 9:15:04 AM"
"356","56","3","376","25","351","49","111","8/8/2026 9:15:04 AM"
"357","66","3","350","46","304","67","59","8/8/2026 9:15:04 AM"
"358","76","3","209","75","134","63","62","8/6/2026 9:15:04 AM"
"359","86","3","407","167","240","70","86","8/31/2026 9:15:04 AM"
"360","96","3","429","204","225","29","145","9/4/2026 9:15:04 AM"
"361","106","3","295","94","201","40","137","8/19/2026 9:15:04 AM"
"362","116","3","244","103","141","61","59","8/11/2026 9:15:04 AM"
"363","126","3","29","11","18","64","118","9/17/2026 9:15:04 AM"
"364","136","3","158","12","146","60","77","7/21/2026 9:15:04 AM"
"365","7","3","215","66","149","44","111","9/16/2026 9:15:04 AM"
"366","17","3","5","0","5","48","74","6/27/2026 9:15:04 AM"
"367","27","3","304","64","240","42","110","8/19/2026 9:15:04 AM"
"368","37","3","448","57","391","46","138","9/13/2026 9:15:04 AM"
"369","47","3","88","18","70","53","126","7/16/2026 9:15:04 AM"
"370","57","3","293","131","162","54","65","7/7/2026 9:15:04 AM"
"371","67","3","328","126","202","60","140","6/25/2026 9:15:04 AM"
"372","77","3","172","15","157","52","66","6/20/2026 9:15:04 AM"
"373","87","3","388","171","217","74","106","9/13/2026 9:15:04 AM"
"374","97","3","355","31","324","59","91","9/6/2026 9:15:04 AM"
"375","107","3","218","84","134","57","76","8/30/2026 9:15:04 AM"
"376","117","3","27","7","20","59","140","7/10/2026 9:15:04 AM"
"377","127","3","308","24","284","36","84","8/31/2026 9:15:04 AM"
"378","137","3","199","82","117","65","66","7/12/2026 9:15:04 AM"
"379","8","3","103","4","99","51","59","7/18/2026 9:15:04 AM"
"380","18","3","78","22","56","52","114","9/2/2026 9:15:04 AM"
"381","28","3","168","58","110","72","65","7/18/2026 9:15:04 AM"
"382","38","3","76","20","56","74","67","6/30/2026 9:15:04 AM"
"383","48","3","234","80","154","56","146","6/30/2026 9:15:04 AM"
"384","58","3","334","70","264","46","114","7/16/2026 9:15:04 AM"
"385","68","3","278","34","244","36","56","9/12/2026 9:15:04 AM"
"386","78","3","350","165","185","29","53","9/15/2026 9:15:04 AM"
"387","88","3","269","82","187","29","148","7/30/2026 9:15:04 AM"
"388","98","3","349","154","195","35","136","9/3/2026 9:15:04 AM"
"389","108","3","317","130","187","38","131","7/30/2026 9:15:04 AM"
"390","118","3","491","35","456","64","73","6/28/2026 9:15:04 AM"
"391","128","3","268","124","144","41","53","9/6/2026 9:15:04 AM"
"392","138","3","15","4","11","58","55","7/9/2026 9:15:04 AM"
"393","9","3","245","15","230","43","83","8/31/2026 9:15:04 AM"
"394","19","3","474","98","376","41","69","8/4/2026 9:15:04 AM"
"395","29","3","388","174","214","29","76","8/1/2026 9:15:04 AM"
"396","39","3","363","22","341","37","73","6/21/2026 9:15:04 AM"
"397","49","3","362","70","292","35","98","7/9/2026 9:15:04 AM"
"398","59","3","190","49","141","47","65","7/15/2026 9:15:04 AM"
"399","69","3","304","99","205","58","117","8/21/2026 9:15:04 AM"
"400","79","3","43","17","26","54","129","7/3/2026 9:15:04 AM"
"401","89","3","185","30","155","34","76","7/2/2026 9:15:04 AM"
"402","99","3","451","16","435","57","130","6/24/2026 9:15:04 AM"
"403","109","3","214","54","160","43","146","8/27/2026 9:15:04 AM"
"404","119","3","171","31","140","38","130","7/9/2026 9:15:04 AM"
"405","129","3","325","119","206","64","96","7/21/2026 9:15:04 AM"
"406","139","3","204","66","138","65","58","7/9/2026 9:15:04 AM"
"407","10","3","225","4","221","40","108","8/9/2026 9:15:04 AM"
"408","20","3","76","27","49","53","130","7/2/2026 9:15:04 AM"
"409","30","3","256","2","254","56","105","8/1/2026 9:15:04 AM"
"410","40","3","265","112","153","48","114","8/6/2026 9:15:04 AM"
"411","50","3","10","4","6","64","63","9/5/2026 9:15:04 AM"
"412","60","3","498","173","325","65","82","9/2/2026 9:15:04 AM"
"413","70","3","218","66","152","61","107","8/12/2026 9:15:04 AM"
"414","80","3","130","32","98","30","57","7/26/2026 9:15:04 AM"
"415","90","3","419","153","266","50","147","8/27/2026 9:15:04 AM"
"416","100","3","28","2","26","37","101","9/9/2026 9:15:04 AM"
"417","110","3","372","97","275","47","138","8/1/2026 9:15:04 AM"
"418","120","3","95","25","70","52","84","6/27/2026 9:15:04 AM"
"419","130","3","290","89","201","60","141","8/10/2026 9:15:04 AM"
"420","140","3","1","0","1","57","111","7/24/2026 9:15:04 AM"
