"OrderID","OrderNumber","CustomerID","OrderDate","RequiredDate","ShippingAddressID","BillingAddressID","WarehouseID","OrderStatus","SubTotal","TaxAmount","ShippingAmount","TotalAmount","CreatedBy","CreatedDate","ModifiedDate"
"1","SO-2026-01019","2","9/3/2026 9:15:04 AM","9/15/2026 9:15:04 AM","4","3","1","Delivered","80815.48","5657.08","67.00","86539.56","legacy-app-seed","9/17/2026 9:15:04 AM","9/17/2026 9:15:04 AM"
"2","SO-2026-01052","2","7/5/2026 9:15:04 AM","7/13/2026 9:15:04 AM","4","3","3","Cancelled","54719.17","3830.34","17.00","58566.51","legacy-app-seed","9/17/2026 9:15:04 AM","9/17/2026 9:15:04 AM"
"3","SO-2026-01113","2","8/7/2026 9:15:04 AM","8/12/2026 9:15:04 AM","4","3","2","Shipped","37057.28","2594.01","72.00","39723.29","legacy-app-seed","9/17/2026 9:15:04 AM","9/17/2026 9:15:04 AM"
"4","SO-2026-01124","5","9/6/2026 9:15:04 AM","9/18/2026 9:15:04 AM","10","9","2","Confirmed","94282.71","6599.79","22.00","100904.50","legacy-app-seed","9/17/2026 9:15:04 AM","9/17/2026 9:15:04 AM"
"5","SO-2026-01087","5","8/8/2026 9:15:04 AM","8/18/2026 9:15:04 AM","10","9","3","Delivered","27346.50","1914.26","54.00","29314.76","legacy-app-seed","9/17/2026 9:15:04 AM","9/17/2026 9:15:04 AM"
"6","SO-2026-01095","5","7/2/2026 9:15:04 AM","7/15/2026 9:15:04 AM","10","9","3","Shipped","40388.82","2827.22","45.00","43261.04","legacy-app-seed","9/17/2026 9:15:04 AM","9/17/2026 9:15:04 AM"
"7","SO-2026-01025","5","9/12/2026 9:15:04 AM","9/17/2026 9:15:04 AM","10","9","1","Confirmed","70262.53","4918.38","39.00","75219.91","legacy-app-seed","9/17/2026 9:15:04 AM","9/17/2026 9:15:04 AM"
"8","SO-2026-01001","5","7/3/2026 9:15:04 AM","7/10/2026 9:15:04 AM","10","9","2","Pending","2515.27","176.07","57.00","2748.34","legacy-app-seed","9/17/2026 9:15:04 AM","9/17/2026 9:15:04 AM"
"9","SO-2026-01094","6","6/16/2026 9:15:04 AM","6/22/2026 9:15:04 AM","12","11","1","Delivered","36391.64","2547.41","55.00","38994.05","legacy-app-seed","9/17/2026 9:15:04 AM","9/17/2026 9:15:04 AM"
"10","SO-2026-01098","6","6/15/2026 9:15:04 AM","6/22/2026 9:15:04 AM","12","11","1","Shipped","39041.23","2732.89","62.00","41836.12","legacy-app-seed","9/17/2026 9:15:04 AM","9/17/2026 9:15:04 AM"
"11","SO-2026-01107","6","6/18/2026 9:15:04 AM","7/2/2026 9:15:04 AM","12","11","2","Shipped","57212.48","4004.87","18.00","61235.35","legacy-app-seed","9/17/2026 9:15:04 AM","9/17/2026 9:15:04 AM"
"12","SO-2026-01028","7","8/26/2026 9:15:04 AM","8/31/2026 9:15:04 AM","14","13","2","Delivered","81492.98","5704.51","45.00","87242.49","legacy-app-seed","9/17/2026 9:15:04 AM","9/17/2026 9:15:04 AM"
"13","SO-2026-01069","7","8/8/2026 9:15:04 AM","8/14/2026 9:15:04 AM","14","13","1","Pending","169900.09","11893.01","53.00","181846.10","legacy-app-seed","9/17/2026 9:15:04 AM","9/17/2026 9:15:04 AM"
"14","SO-2026-01055","8","9/5/2026 9:15:04 AM","9/16/2026 9:15:04 AM","16","15","1","Shipped","54014.92","3781.04","71.00","57866.96","legacy-app-seed","9/17/2026 9:15:04 AM","9/17/2026 9:15:04 AM"
"15","SO-2026-01029","9","9/5/2026 9:15:04 AM","9/16/2026 9:15:04 AM","18","17","3","Shipped","5231.47","366.20","30.00","5627.67","legacy-app-seed","9/17/2026 9:15:04 AM","9/17/2026 9:15:04 AM"
"16","SO-2026-01016","9","8/11/2026 9:15:04 AM","8/21/2026 9:15:04 AM","18","17","1","Processing","135682.57","9497.78","18.00","145198.35","legacy-app-seed","9/17/2026 9:15:04 AM","9/17/2026 9:15:04 AM"
"17","SO-2026-01123","10","6/22/2026 9:15:04 AM","6/27/2026 9:15:04 AM","20","19","2","Processing","67578.57","4730.50","51.00","72360.07","legacy-app-seed","9/17/2026 9:15:04 AM","9/17/2026 9:15:04 AM"
"18","SO-2026-01128","10","5/21/2026 9:15:04 AM","5/30/2026 9:15:04 AM","20","19","1","Delivered","106095.08","7426.66","69.00","113590.74","legacy-app-seed","9/17/2026 9:15:04 AM","9/17/2026 9:15:04 AM"
"19","SO-2026-01110","11","7/12/2026 9:15:04 AM","7/19/2026 9:15:04 AM","22","21","2","Delivered","16270.56","1138.94","21.00","17430.50","legacy-app-seed","9/17/2026 9:15:04 AM","9/17/2026 9:15:04 AM"
"20","SO-2026-01117","11","7/30/2026 9:15:04 AM","8/7/2026 9:15:04 AM","22","21","1","Delivered","8879.36","621.56","58.00","9558.92","legacy-app-seed","9/17/2026 9:15:04 AM","9/17/2026 9:15:04 AM"
"21","SO-2026-01034","11","9/3/2026 9:15:04 AM","9/14/2026 9:15:04 AM","22","21","3","Pending","19320.01","1352.40","59.00","20731.41","legacy-app-seed","9/17/2026 9:15:04 AM","9/17/2026 9:15:04 AM"
"22","SO-2026-01049","11","9/12/2026 9:15:04 AM","9/26/2026 9:15:04 AM","22","21","1","Shipped","107858.55","7550.10","23.00","115431.65","legacy-app-seed","9/17/2026 9:15:04 AM","9/17/2026 9:15:04 AM"
"23","SO-2026-01064","11","6/2/2026 9:15:04 AM","6/13/2026 9:15:04 AM","22","21","3","Shipped","71763.54","5023.45","33.00","76819.99","legacy-app-seed","9/17/2026 9:15:04 AM","9/17/2026 9:15:04 AM"
"24","SO-2026-01053","12","5/28/2026 9:15:04 AM","6/8/2026 9:15:04 AM","24","23","2","Delivered","84411.44","5908.80","37.00","90357.24","legacy-app-seed","9/17/2026 9:15:04 AM","9/17/2026 9:15:04 AM"
"25","SO-2026-01085","12","7/10/2026 9:15:04 AM","7/18/2026 9:15:04 AM","24","23","2","PartiallyShipped","122768.88","8593.82","73.00","131435.70","legacy-app-seed","9/17/2026 9:15:04 AM","9/17/2026 9:15:04 AM"
"26","SO-2026-01088","13","8/2/2026 9:15:04 AM","8/13/2026 9:15:04 AM","26","25","2","Pending","632.77","44.29","37.00","714.06","legacy-app-seed","9/17/2026 9:15:04 AM","9/17/2026 9:15:04 AM"
"27","SO-2026-01114","13","7/23/2026 9:15:04 AM","7/28/2026 9:15:04 AM","26","25","3","Processing","102408.02","7168.56","32.00","109608.58","legacy-app-seed","9/17/2026 9:15:04 AM","9/17/2026 9:15:04 AM"
"28","SO-2026-01129","13","8/31/2026 9:15:04 AM","9/7/2026 9:15:04 AM","26","25","2","Cancelled","49495.67","3464.70","46.00","53006.37","legacy-app-seed","9/17/2026 9:15:04 AM","9/17/2026 9:15:04 AM"
"29","SO-2026-01142","13","6/24/2026 9:15:04 AM","6/30/2026 9:15:04 AM","26","25","2","Delivered","139811.76","9786.82","45.00","149643.58","legacy-app-seed","9/17/2026 9:15:04 AM","9/17/2026 9:15:04 AM"
"30","SO-2026-01020","13","8/15/2026 9:15:04 AM","8/24/2026 9:15:04 AM","26","25","2","Delivered","24150.02","1690.50","33.00","25873.52","legacy-app-seed","9/17/2026 9:15:04 AM","9/17/2026 9:15:04 AM"
"31","SO-2026-01057","15","8/3/2026 9:15:04 AM","8/11/2026 9:15:04 AM","30","29","3","Processing","52976.86","3708.38","44.00","56729.24","legacy-app-seed","9/17/2026 9:15:04 AM","9/17/2026 9:15:04 AM"
"32","SO-2026-01039","16","6/4/2026 9:15:04 AM","6/14/2026 9:15:04 AM","32","31","2","Cancelled","79168.82","5541.82","68.00","84778.64","legacy-app-seed","9/17/2026 9:15:04 AM","9/17/2026 9:15:04 AM"
"33","SO-2026-01026","16","6/7/2026 9:15:04 AM","6/17/2026 9:15:04 AM","32","31","2","PartiallyShipped","28276.50","1979.36","63.00","30318.86","legacy-app-seed","9/17/2026 9:15:04 AM","9/17/2026 9:15:04 AM"
"34","SO-2026-01133","16","5/31/2026 9:15:04 AM","6/12/2026 9:15:04 AM","32","31","1","Delivered","29218.10","2045.27","46.00","31309.37","legacy-app-seed","9/17/2026 9:15:04 AM","9/17/2026 9:15:04 AM"
"35","SO-2026-01101","16","9/9/2026 9:15:04 AM","9/17/2026 9:15:04 AM","32","31","1","Delivered","141042.54","9872.98","47.00","150962.52","legacy-app-seed","9/17/2026 9:15:04 AM","9/17/2026 9:15:04 AM"
"36","SO-2026-01066","18","6/21/2026 9:15:04 AM","7/4/2026 9:15:04 AM","36","35","1","Cancelled","43632.83","3054.30","43.00","46730.13","legacy-app-seed","9/17/2026 9:15:04 AM","9/17/2026 9:15:04 AM"
"37","SO-2026-01071","19","8/14/2026 9:15:04 AM","8/23/2026 9:15:04 AM","38","37","3","Cancelled","5656.10","395.93","41.00","6093.03","legacy-app-seed","9/17/2026 9:15:04 AM","9/17/2026 9:15:04 AM"
"38","SO-2026-01065","19","5/24/2026 9:15:04 AM","5/29/2026 9:15:04 AM","38","37","2","Delivered","123793.58","8665.55","32.00","132491.13","legacy-app-seed","9/17/2026 9:15:04 AM","9/17/2026 9:15:04 AM"
"39","SO-2026-01044","19","6/23/2026 9:15:04 AM","7/6/2026 9:15:04 AM","38","37","2","Shipped","93149.35","6520.45","41.00","99710.80","legacy-app-seed","9/17/2026 9:15:04 AM","9/17/2026 9:15:04 AM"
"40","SO-2026-01010","19","5/26/2026 9:15:04 AM","6/3/2026 9:15:04 AM","38","37","2","Confirmed","58513.69","4095.96","68.00","62677.65","legacy-app-seed","9/17/2026 9:15:04 AM","9/17/2026 9:15:04 AM"
"41","SO-2026-01004","19","6/28/2026 9:15:04 AM","7/11/2026 9:15:04 AM","38","37","3","Processing","74098.19","5186.87","16.00","79301.06","legacy-app-seed","9/17/2026 9:15:04 AM","9/17/2026 9:15:04 AM"
"42","SO-2026-01005","19","6/29/2026 9:15:04 AM","7/6/2026 9:15:04 AM","38","37","2","Shipped","16192.07","1133.44","72.00","17397.51","legacy-app-seed","9/17/2026 9:15:04 AM","9/17/2026 9:15:04 AM"
"43","SO-2026-01100","19","6/16/2026 9:15:04 AM","6/30/2026 9:15:04 AM","38","37","3","Processing","35316.95","2472.19","32.00","37821.14","legacy-app-seed","9/17/2026 9:15:04 AM","9/17/2026 9:15:04 AM"
"44","SO-2026-01140","20","8/28/2026 9:15:04 AM","9/11/2026 9:15:04 AM","40","39","2","Delivered","157765.19","11043.56","72.00","168880.75","legacy-app-seed","9/17/2026 9:15:04 AM","9/17/2026 9:15:04 AM"
"45","SO-2026-01127","20","6/17/2026 9:15:04 AM","6/29/2026 9:15:04 AM","40","39","2","Processing","65801.61","4606.11","37.00","70444.72","legacy-app-seed","9/17/2026 9:15:04 AM","9/17/2026 9:15:04 AM"
"46","SO-2026-01144","21","7/31/2026 9:15:04 AM","8/9/2026 9:15:04 AM","42","41","3","Pending","95621.03","6693.47","16.00","102330.50","legacy-app-seed","9/17/2026 9:15:04 AM","9/17/2026 9:15:04 AM"
"47","SO-2026-01106","22","8/4/2026 9:15:04 AM","8/10/2026 9:15:04 AM","44","43","1","Cancelled","148427.08","10389.90","45.00","158861.98","legacy-app-seed","9/17/2026 9:15:04 AM","9/17/2026 9:15:04 AM"
"48","SO-2026-01082","22","7/1/2026 9:15:04 AM","7/13/2026 9:15:04 AM","44","43","2","Shipped","82488.69","5774.21","62.00","88324.90","legacy-app-seed","9/17/2026 9:15:04 AM","9/17/2026 9:15:04 AM"
"49","SO-2026-01083","22","5/29/2026 9:15:04 AM","6/3/2026 9:15:04 AM","44","43","1","Shipped","22721.89","1590.53","46.00","24358.42","legacy-app-seed","9/17/2026 9:15:04 AM","9/17/2026 9:15:04 AM"
"50","SO-2026-01038","22","6/14/2026 9:15:04 AM","6/22/2026 9:15:04 AM","44","43","3","Processing","163095.54","11416.69","38.00","174550.23","legacy-app-seed","9/17/2026 9:15:04 AM","9/17/2026 9:15:04 AM"
"51","SO-2026-01051","22","9/3/2026 9:15:04 AM","9/15/2026 9:15:04 AM","44","43","1","Shipped","16521.49","1156.50","26.00","17703.99","legacy-app-seed","9/17/2026 9:15:04 AM","9/17/2026 9:15:04 AM"
"52","SO-2026-01132","23","7/25/2026 9:15:04 AM","8/8/2026 9:15:04 AM","46","45","2","Delivered","125759.86","8803.19","44.00","134607.05","legacy-app-seed","9/17/2026 9:15:04 AM","9/17/2026 9:15:04 AM"
"53","SO-2026-01118","24","8/21/2026 9:15:04 AM","8/27/2026 9:15:04 AM","48","47","2","Shipped","94847.94","6639.36","66.00","101553.30","legacy-app-seed","9/17/2026 9:15:04 AM","9/17/2026 9:15:04 AM"
"54","SO-2026-01047","24","8/24/2026 9:15:04 AM","9/3/2026 9:15:04 AM","48","47","2","PartiallyShipped","77310.20","5411.71","32.00","82753.91","legacy-app-seed","9/17/2026 9:15:04 AM","9/17/2026 9:15:04 AM"
"55","SO-2026-01062","24","6/22/2026 9:15:04 AM","7/1/2026 9:15:04 AM","48","47","3","Delivered","25797.30","1805.81","60.00","27663.11","legacy-app-seed","9/17/2026 9:15:04 AM","9/17/2026 9:15:04 AM"
"56","SO-2026-01059","24","6/21/2026 9:15:04 AM","6/26/2026 9:15:04 AM","48","47","1","Confirmed","84685.55","5927.99","34.00","90647.54","legacy-app-seed","9/17/2026 9:15:04 AM","9/17/2026 9:15:04 AM"
"57","SO-2026-01024","24","7/26/2026 9:15:04 AM","8/6/2026 9:15:04 AM","48","47","2","Cancelled","49542.51","3467.98","17.00","53027.49","legacy-app-seed","9/17/2026 9:15:04 AM","9/17/2026 9:15:04 AM"
"58","SO-2026-01012","26","5/26/2026 9:15:04 AM","5/31/2026 9:15:04 AM","52","51","1","Delivered","170785.70","11955.00","30.00","182770.70","legacy-app-seed","9/17/2026 9:15:04 AM","9/17/2026 9:15:04 AM"
"59","SO-2026-01135","26","8/28/2026 9:15:04 AM","9/2/2026 9:15:04 AM","52","51","1","Shipped","164963.23","11547.43","20.00","176530.66","legacy-app-seed","9/17/2026 9:15:04 AM","9/17/2026 9:15:04 AM"
"60","SO-2026-01078","26","6/9/2026 9:15:04 AM","6/15/2026 9:15:04 AM","52","51","1","Shipped","68968.96","4827.83","58.00","73854.79","legacy-app-seed","9/17/2026 9:15:04 AM","9/17/2026 9:15:04 AM"
"61","SO-2026-01014","27","5/22/2026 9:15:04 AM","5/31/2026 9:15:04 AM","54","53","3","Cancelled","75222.08","5265.55","40.00","80527.63","legacy-app-seed","9/17/2026 9:15:04 AM","9/17/2026 9:15:04 AM"
"62","SO-2026-01037","27","6/26/2026 9:15:04 AM","7/2/2026 9:15:04 AM","54","53","3","Cancelled","62034.48","4342.41","72.00","66448.89","legacy-app-seed","9/17/2026 9:15:04 AM","9/17/2026 9:15:04 AM"
"63","SO-2026-01054","27","7/28/2026 9:15:04 AM","8/2/2026 9:15:04 AM","54","53","3","Delivered","140036.10","9802.53","37.00","149875.63","legacy-app-seed","9/17/2026 9:15:04 AM","9/17/2026 9:15:04 AM"
"64","SO-2026-01056","28","8/17/2026 9:15:04 AM","8/26/2026 9:15:04 AM","56","55","1","Delivered","88174.93","6172.25","29.00","94376.18","legacy-app-seed","9/17/2026 9:15:04 AM","9/17/2026 9:15:04 AM"
"65","SO-2026-01043","28","8/19/2026 9:15:04 AM","8/25/2026 9:15:04 AM","56","55","2","Processing","125353.74","8774.76","64.00","134192.50","legacy-app-seed","9/17/2026 9:15:04 AM","9/17/2026 9:15:04 AM"
"66","SO-2026-01058","28","7/2/2026 9:15:04 AM","7/12/2026 9:15:04 AM","56","55","1","Processing","30644.80","2145.14","59.00","32848.94","legacy-app-seed","9/17/2026 9:15:04 AM","9/17/2026 9:15:04 AM"
"67","SO-2026-01009","28","7/15/2026 9:15:04 AM","7/25/2026 9:15:04 AM","56","55","3","Shipped","11616.70","813.17","20.00","12449.87","legacy-app-seed","9/17/2026 9:15:04 AM","9/17/2026 9:15:04 AM"
"68","SO-2026-01097","29","8/18/2026 9:15:04 AM","8/28/2026 9:15:04 AM","58","57","2","Delivered","51028.19","3571.97","50.00","54650.16","legacy-app-seed","9/17/2026 9:15:04 AM","9/17/2026 9:15:04 AM"
"69","SO-2026-01099","29","6/17/2026 9:15:04 AM","6/22/2026 9:15:04 AM","58","57","3","Pending","30655.92","2145.91","73.00","32874.83","legacy-app-seed","9/17/2026 9:15:04 AM","9/17/2026 9:15:04 AM"
"70","SO-2026-01136","29","8/29/2026 9:15:04 AM","9/6/2026 9:15:04 AM","58","57","2","Delivered","15466.70","1082.67","66.00","16615.37","legacy-app-seed","9/17/2026 9:15:04 AM","9/17/2026 9:15:04 AM"
"71","SO-2026-01035","30","8/27/2026 9:15:04 AM","9/10/2026 9:15:04 AM","60","59","3","Processing","166448.70","11651.41","43.00","178143.11","legacy-app-seed","9/17/2026 9:15:04 AM","9/17/2026 9:15:04 AM"
"72","SO-2026-01031","30","6/27/2026 9:15:04 AM","7/8/2026 9:15:04 AM","60","59","3","Cancelled","9127.92","638.95","40.00","9806.87","legacy-app-seed","9/17/2026 9:15:04 AM","9/17/2026 9:15:04 AM"
"73","SO-2026-01022","30","6/4/2026 9:15:04 AM","6/18/2026 9:15:04 AM","60","59","2","Processing","55870.07","3910.90","72.00","59852.97","legacy-app-seed","9/17/2026 9:15:04 AM","9/17/2026 9:15:04 AM"
"74","SO-2026-01045","30","7/30/2026 9:15:04 AM","8/9/2026 9:15:04 AM","60","59","1","Pending","19621.09","1373.48","73.00","21067.57","legacy-app-seed","9/17/2026 9:15:04 AM","9/17/2026 9:15:04 AM"
"75","SO-2026-01036","31","9/11/2026 9:15:04 AM","9/23/2026 9:15:04 AM","62","61","2","Cancelled","6227.01","435.89","74.00","6736.90","legacy-app-seed","9/17/2026 9:15:04 AM","9/17/2026 9:15:04 AM"
"76","SO-2026-01122","32","7/29/2026 9:15:04 AM","8/8/2026 9:15:04 AM","64","63","3","Shipped","79629.70","5574.08","32.00","85235.78","legacy-app-seed","9/17/2026 9:15:04 AM","9/17/2026 9:15:04 AM"
"77","SO-2026-01077","32","8/25/2026 9:15:04 AM","9/3/2026 9:15:04 AM","64","63","3","Shipped","24607.23","1722.51","70.00","26399.74","legacy-app-seed","9/17/2026 9:15:04 AM","9/17/2026 9:15:04 AM"
"78","SO-2026-01084","33","6/14/2026 9:15:04 AM","6/26/2026 9:15:04 AM","66","65","2","Pending","146407.80","10248.55","69.00","156725.35","legacy-app-seed","9/17/2026 9:15:04 AM","9/17/2026 9:15:04 AM"
"79","SO-2026-01119","33","9/4/2026 9:15:04 AM","9/18/2026 9:15:04 AM","66","65","3","Delivered","28706.80","2009.48","61.00","30777.28","legacy-app-seed","9/17/2026 9:15:04 AM","9/17/2026 9:15:04 AM"
"80","SO-2026-01149","33","5/27/2026 9:15:04 AM","6/5/2026 9:15:04 AM","66","65","2","Delivered","121199.22","8483.95","47.00","129730.17","legacy-app-seed","9/17/2026 9:15:04 AM","9/17/2026 9:15:04 AM"
"81","SO-2026-01143","34","7/14/2026 9:15:04 AM","7/26/2026 9:15:04 AM","68","67","1","Cancelled","15429.55","1080.07","64.00","16573.62","legacy-app-seed","9/17/2026 9:15:04 AM","9/17/2026 9:15:04 AM"
"82","SO-2026-01033","34","6/10/2026 9:15:04 AM","6/23/2026 9:15:04 AM","68","67","2","Confirmed","67780.64","4744.64","36.00","72561.28","legacy-app-seed","9/17/2026 9:15:04 AM","9/17/2026 9:15:04 AM"
"83","SO-2026-01011","34","7/8/2026 9:15:04 AM","7/20/2026 9:15:04 AM","68","67","3","Pending","95423.11","6679.62","49.00","102151.73","legacy-app-seed","9/17/2026 9:15:04 AM","9/17/2026 9:15:04 AM"
"84","SO-2026-01072","34","8/13/2026 9:15:04 AM","8/18/2026 9:15:04 AM","68","67","2","Pending","144110.75","10087.75","71.00","154269.50","legacy-app-seed","9/17/2026 9:15:04 AM","9/17/2026 9:15:04 AM"
"85","SO-2026-01134","35","6/7/2026 9:15:04 AM","6/20/2026 9:15:04 AM","70","69","2","Delivered","29709.62","2079.67","37.00","31826.29","legacy-app-seed","9/17/2026 9:15:04 AM","9/17/2026 9:15:04 AM"
"86","SO-2026-01120","35","6/29/2026 9:15:04 AM","7/13/2026 9:15:04 AM","70","69","1","Pending","56794.35","3975.60","59.00","60828.95","legacy-app-seed","9/17/2026 9:15:04 AM","9/17/2026 9:15:04 AM"
"87","SO-2026-01121","35","9/13/2026 9:15:04 AM","9/24/2026 9:15:04 AM","70","69","1","Delivered","68550.56","4798.54","28.00","73377.10","legacy-app-seed","9/17/2026 9:15:04 AM","9/17/2026 9:15:04 AM"
"88","SO-2026-01126","36","6/30/2026 9:15:04 AM","7/9/2026 9:15:04 AM","72","71","1","Processing","107165.80","7501.61","64.00","114731.41","legacy-app-seed","9/17/2026 9:15:04 AM","9/17/2026 9:15:04 AM"
"89","SO-2026-01141","37","6/25/2026 9:15:04 AM","7/2/2026 9:15:04 AM","74","73","1","Confirmed","20349.12","1424.44","52.00","21825.56","legacy-app-seed","9/17/2026 9:15:04 AM","9/17/2026 9:15:04 AM"
"90","SO-2026-01075","37","8/13/2026 9:15:04 AM","8/27/2026 9:15:04 AM","74","73","2","Shipped","48565.87","3399.61","43.00","52008.48","legacy-app-seed","9/17/2026 9:15:04 AM","9/17/2026 9:15:04 AM"
"91","SO-2026-01092","37","7/5/2026 9:15:04 AM","7/10/2026 9:15:04 AM","74","73","2","Delivered","104001.15","7280.08","27.00","111308.23","legacy-app-seed","9/17/2026 9:15:04 AM","9/17/2026 9:15:04 AM"
"92","SO-2026-01112","38","7/27/2026 9:15:04 AM","8/8/2026 9:15:04 AM","76","75","3","Cancelled","66438.17","4650.67","38.00","71126.84","legacy-app-seed","9/17/2026 9:15:04 AM","9/17/2026 9:15:04 AM"
"93","SO-2026-01073","39","5/25/2026 9:15:04 AM","6/4/2026 9:15:04 AM","78","77","2","Confirmed","74702.40","5229.17","38.00","79969.57","legacy-app-seed","9/17/2026 9:15:04 AM","9/17/2026 9:15:04 AM"
"94","SO-2026-01067","39","7/30/2026 9:15:04 AM","8/10/2026 9:15:04 AM","78","77","3","Shipped","50528.36","3536.99","44.00","54109.35","legacy-app-seed","9/17/2026 9:15:04 AM","9/17/2026 9:15:04 AM"
"95","SO-2026-01030","39","9/15/2026 9:15:04 AM","9/27/2026 9:15:04 AM","78","77","1","Delivered","50392.06","3527.44","18.00","53937.50","legacy-app-seed","9/17/2026 9:15:04 AM","9/17/2026 9:15:04 AM"
"96","SO-2026-01018","40","7/9/2026 9:15:04 AM","7/19/2026 9:15:04 AM","80","79","1","Cancelled","57792.33","4045.46","23.00","61860.79","legacy-app-seed","9/17/2026 9:15:04 AM","9/17/2026 9:15:04 AM"
"97","SO-2026-01040","40","6/17/2026 9:15:04 AM","6/27/2026 9:15:04 AM","80","79","1","Shipped","85989.57","6019.27","29.00","92037.84","legacy-app-seed","9/17/2026 9:15:04 AM","9/17/2026 9:15:04 AM"
"98","SO-2026-01109","40","7/9/2026 9:15:04 AM","7/21/2026 9:15:04 AM","80","79","1","PartiallyShipped","88577.50","6200.43","44.00","94821.93","legacy-app-seed","9/17/2026 9:15:04 AM","9/17/2026 9:15:04 AM"
"99","SO-2026-01131","40","6/12/2026 9:15:04 AM","6/26/2026 9:15:04 AM","80","79","1","Cancelled","47954.86","3356.84","17.00","51328.70","legacy-app-seed","9/17/2026 9:15:04 AM","9/17/2026 9:15:04 AM"
"100","SO-2026-01080","40","5/29/2026 9:15:04 AM","6/12/2026 9:15:04 AM","80","79","1","Delivered","107221.59","7505.51","16.00","114743.10","legacy-app-seed","9/17/2026 9:15:04 AM","9/17/2026 9:15:04 AM"
"101","SO-2026-01081","41","6/15/2026 9:15:04 AM","6/20/2026 9:15:04 AM","82","81","3","Delivered","9714.32","680.00","58.00","10452.32","legacy-app-seed","9/17/2026 9:15:04 AM","9/17/2026 9:15:04 AM"
"102","SO-2026-01111","42","8/8/2026 9:15:04 AM","8/15/2026 9:15:04 AM","84","83","1","Confirmed","72427.92","5069.95","67.00","77564.87","legacy-app-seed","9/17/2026 9:15:04 AM","9/17/2026 9:15:04 AM"
"103","SO-2026-01046","42","8/18/2026 9:15:04 AM","8/30/2026 9:15:04 AM","84","83","3","Delivered","44807.61","3136.53","29.00","47973.14","legacy-app-seed","9/17/2026 9:15:04 AM","9/17/2026 9:15:04 AM"
"104","SO-2026-01021","42","5/23/2026 9:15:04 AM","5/28/2026 9:15:04 AM","84","83","1","Pending","2698.51","188.90","68.00","2955.41","legacy-app-seed","9/17/2026 9:15:04 AM","9/17/2026 9:15:04 AM"
"105","SO-2026-01013","42","7/26/2026 9:15:04 AM","8/9/2026 9:15:04 AM","84","83","1","Delivered","124322.39","8702.57","25.00","133049.96","legacy-app-seed","9/17/2026 9:15:04 AM","9/17/2026 9:15:04 AM"
"106","SO-2026-01042","43","7/13/2026 9:15:04 AM","7/26/2026 9:15:04 AM","86","85","1","Shipped","51799.22","3625.95","56.00","55481.17","legacy-app-seed","9/17/2026 9:15:04 AM","9/17/2026 9:15:04 AM"
"107","SO-2026-01068","43","7/6/2026 9:15:04 AM","7/19/2026 9:15:04 AM","86","85","2","Shipped","100128.34","7008.98","54.00","107191.32","legacy-app-seed","9/17/2026 9:15:04 AM","9/17/2026 9:15:04 AM"
"108","SO-2026-01086","43","5/28/2026 9:15:04 AM","6/7/2026 9:15:04 AM","86","85","1","Pending","32326.40","2262.85","73.00","34662.25","legacy-app-seed","9/17/2026 9:15:04 AM","9/17/2026 9:15:04 AM"
"109","SO-2026-01104","43","6/1/2026 9:15:04 AM","6/15/2026 9:15:04 AM","86","85","3","Cancelled","162631.02","11384.17","36.00","174051.19","legacy-app-seed","9/17/2026 9:15:04 AM","9/17/2026 9:15:04 AM"
"110","SO-2026-01137","44","6/8/2026 9:15:04 AM","6/14/2026 9:15:04 AM","88","87","1","PartiallyShipped","129324.10","9052.69","40.00","138416.79","legacy-app-seed","9/17/2026 9:15:04 AM","9/17/2026 9:15:04 AM"
"111","SO-2026-01015","45","8/4/2026 9:15:04 AM","8/14/2026 9:15:04 AM","90","89","3","PartiallyShipped","13610.39","952.73","71.00","14634.12","legacy-app-seed","9/17/2026 9:15:04 AM","9/17/2026 9:15:04 AM"
"112","SO-2026-01007","45","7/6/2026 9:15:04 AM","7/20/2026 9:15:04 AM","90","89","1","Pending","29566.06","2069.62","49.00","31684.68","legacy-app-seed","9/17/2026 9:15:04 AM","9/17/2026 9:15:04 AM"
"113","SO-2026-01146","45","7/25/2026 9:15:04 AM","7/30/2026 9:15:04 AM","90","89","1","Pending","33317.22","2332.21","46.00","35695.43","legacy-app-seed","9/17/2026 9:15:04 AM","9/17/2026 9:15:04 AM"
"114","SO-2026-01130","46","6/6/2026 9:15:04 AM","6/19/2026 9:15:04 AM","92","91","1","Delivered","53066.68","3714.67","25.00","56806.35","legacy-app-seed","9/17/2026 9:15:04 AM","9/17/2026 9:15:04 AM"
"115","SO-2026-01139","47","7/4/2026 9:15:04 AM","7/16/2026 9:15:04 AM","94","93","2","Delivered","70058.92","4904.12","28.00","74991.04","legacy-app-seed","9/17/2026 9:15:04 AM","9/17/2026 9:15:04 AM"
"116","SO-2026-01032","47","7/1/2026 9:15:04 AM","7/9/2026 9:15:04 AM","94","93","2","Shipped","137836.64","9648.56","54.00","147539.20","legacy-app-seed","9/17/2026 9:15:04 AM","9/17/2026 9:15:04 AM"
"117","SO-2026-01050","47","6/9/2026 9:15:04 AM","6/21/2026 9:15:04 AM","94","93","2","Confirmed","89263.07","6248.41","60.00","95571.48","legacy-app-seed","9/17/2026 9:15:04 AM","9/17/2026 9:15:04 AM"
"118","SO-2026-01148","47","9/14/2026 9:15:04 AM","9/24/2026 9:15:04 AM","94","93","1","Delivered","82035.27","5742.47","32.00","87809.74","legacy-app-seed","9/17/2026 9:15:04 AM","9/17/2026 9:15:04 AM"
"119","SO-2026-01023","48","9/11/2026 9:15:04 AM","9/18/2026 9:15:04 AM","96","95","2","Shipped","7146.48","500.25","35.00","7681.73","legacy-app-seed","9/17/2026 9:15:04 AM","9/17/2026 9:15:04 AM"
"120","SO-2026-01116","48","8/24/2026 9:15:04 AM","9/7/2026 9:15:04 AM","96","95","3","Delivered","45580.54","3190.64","25.00","48796.18","legacy-app-seed","9/17/2026 9:15:04 AM","9/17/2026 9:15:04 AM"
"121","SO-2026-01105","48","7/18/2026 9:15:04 AM","7/29/2026 9:15:04 AM","96","95","3","Processing","25663.84","1796.47","39.00","27499.31","legacy-app-seed","9/17/2026 9:15:04 AM","9/17/2026 9:15:04 AM"
"122","SO-2026-01103","49","8/20/2026 9:15:04 AM","8/26/2026 9:15:04 AM","98","97","1","Delivered","86119.99","6028.40","38.00","92186.39","legacy-app-seed","9/17/2026 9:15:04 AM","9/17/2026 9:15:04 AM"
"123","SO-2026-01089","49","8/18/2026 9:15:04 AM","8/25/2026 9:15:04 AM","98","97","2","PartiallyShipped","95338.07","6673.66","67.00","102078.73","legacy-app-seed","9/17/2026 9:15:04 AM","9/17/2026 9:15:04 AM"
"124","SO-2026-01090","49","8/28/2026 9:15:04 AM","9/7/2026 9:15:04 AM","98","97","2","PartiallyShipped","50662.62","3546.38","56.00","54265.00","legacy-app-seed","9/17/2026 9:15:04 AM","9/17/2026 9:15:04 AM"
"125","SO-2026-01125","49","8/17/2026 9:15:04 AM","8/22/2026 9:15:04 AM","98","97","1","Confirmed","34253.37","2397.74","21.00","36672.11","legacy-app-seed","9/17/2026 9:15:04 AM","9/17/2026 9:15:04 AM"
"126","SO-2026-01000","49","5/28/2026 9:15:04 AM","6/3/2026 9:15:04 AM","98","97","1","Cancelled","192612.40","13482.87","50.00","206145.27","legacy-app-seed","9/17/2026 9:15:04 AM","9/17/2026 9:15:04 AM"
"127","SO-2026-01002","49","7/13/2026 9:15:04 AM","7/27/2026 9:15:04 AM","98","97","1","Shipped","128787.60","9015.13","70.00","137872.73","legacy-app-seed","9/17/2026 9:15:04 AM","9/17/2026 9:15:04 AM"
"128","SO-2026-01041","49","6/29/2026 9:15:04 AM","7/6/2026 9:15:04 AM","98","97","1","Cancelled","46170.80","3231.96","16.00","49418.76","legacy-app-seed","9/17/2026 9:15:04 AM","9/17/2026 9:15:04 AM"
"129","SO-2026-01060","50","7/5/2026 9:15:04 AM","7/13/2026 9:15:04 AM","100","99","2","Delivered","125589.79","8791.29","52.00","134433.08","legacy-app-seed","9/17/2026 9:15:04 AM","9/17/2026 9:15:04 AM"
"130","SO-2026-01138","50","6/22/2026 9:15:04 AM","7/6/2026 9:15:04 AM","100","99","2","Confirmed","144176.88","10092.38","50.00","154319.26","legacy-app-seed","9/17/2026 9:15:04 AM","9/17/2026 9:15:04 AM"
"131","SO-2026-01108","50","7/23/2026 9:15:04 AM","7/31/2026 9:15:04 AM","100","99","2","Delivered","140050.52","9803.54","36.00","149890.06","legacy-app-seed","9/17/2026 9:15:04 AM","9/17/2026 9:15:04 AM"
"132","SO-2026-01061","51","7/14/2026 9:15:04 AM","7/20/2026 9:15:04 AM","102","101","2","Shipped","34823.71","2437.66","40.00","37301.37","legacy-app-seed","9/17/2026 9:15:04 AM","9/17/2026 9:15:04 AM"
"133","SO-2026-01147","53","6/9/2026 9:15:04 AM","6/14/2026 9:15:04 AM","106","105","1","Cancelled","68538.35","4797.68","39.00","73375.03","legacy-app-seed","9/17/2026 9:15:04 AM","9/17/2026 9:15:04 AM"
"134","SO-2026-01048","54","6/29/2026 9:15:04 AM","7/11/2026 9:15:04 AM","108","107","3","Pending","29501.88","2065.13","67.00","31634.01","legacy-app-seed","9/17/2026 9:15:04 AM","9/17/2026 9:15:04 AM"
"135","SO-2026-01076","54","9/15/2026 9:15:04 AM","9/20/2026 9:15:04 AM","108","107","2","Shipped","88039.05","6162.73","25.00","94226.78","legacy-app-seed","9/17/2026 9:15:04 AM","9/17/2026 9:15:04 AM"
"136","SO-2026-01070","55","7/17/2026 9:15:04 AM","7/23/2026 9:15:04 AM","110","109","3","Shipped","52832.43","3698.27","33.00","56563.70","legacy-app-seed","9/17/2026 9:15:04 AM","9/17/2026 9:15:04 AM"
"137","SO-2026-01027","55","9/13/2026 9:15:04 AM","9/22/2026 9:15:04 AM","110","109","2","Shipped","158968.90","11127.82","27.00","170123.72","legacy-app-seed","9/17/2026 9:15:04 AM","9/17/2026 9:15:04 AM"
"138","SO-2026-01006","56","5/25/2026 9:15:04 AM","6/3/2026 9:15:04 AM","112","111","3","PartiallyShipped","99907.22","6993.51","53.00","106953.73","legacy-app-seed","9/17/2026 9:15:04 AM","9/17/2026 9:15:04 AM"
"139","SO-2026-01079","56","7/23/2026 9:15:04 AM","8/5/2026 9:15:04 AM","112","111","3","PartiallyShipped","100461.93","7032.34","48.00","107542.27","legacy-app-seed","9/17/2026 9:15:04 AM","9/17/2026 9:15:04 AM"
"140","SO-2026-01091","56","5/28/2026 9:15:04 AM","6/4/2026 9:15:04 AM","112","111","1","Delivered","41513.67","2905.96","63.00","44482.63","legacy-app-seed","9/17/2026 9:15:04 AM","9/17/2026 9:15:04 AM"
"141","SO-2026-01102","56","6/29/2026 9:15:04 AM","7/8/2026 9:15:04 AM","112","111","1","Delivered","66176.89","4632.38","38.00","70847.27","legacy-app-seed","9/17/2026 9:15:04 AM","9/17/2026 9:15:04 AM"
"142","SO-2026-01145","56","7/29/2026 9:15:04 AM","8/3/2026 9:15:04 AM","112","111","2","Confirmed","142139.40","9949.76","56.00","152145.16","legacy-app-seed","9/17/2026 9:15:04 AM","9/17/2026 9:15:04 AM"
"143","SO-2026-01096","57","6/2/2026 9:15:04 AM","6/16/2026 9:15:04 AM","114","113","3","PartiallyShipped","134768.54","9433.80","26.00","144228.34","legacy-app-seed","9/17/2026 9:15:04 AM","9/17/2026 9:15:04 AM"
"144","SO-2026-01003","57","7/21/2026 9:15:04 AM","7/27/2026 9:15:04 AM","114","113","3","Shipped","108443.46","7591.04","35.00","116069.50","legacy-app-seed","9/17/2026 9:15:04 AM","9/17/2026 9:15:04 AM"
"145","SO-2026-01063","57","5/25/2026 9:15:04 AM","6/4/2026 9:15:04 AM","114","113","1","Delivered","122389.76","8567.28","21.00","130978.04","legacy-app-seed","9/17/2026 9:15:04 AM","9/17/2026 9:15:04 AM"
"146","SO-2026-01017","58","9/2/2026 9:15:04 AM","9/9/2026 9:15:04 AM","116","115","1","Delivered","45334.97","3173.45","45.00","48553.42","legacy-app-seed","9/17/2026 9:15:04 AM","9/17/2026 9:15:04 AM"
"147","SO-2026-01115","58","7/12/2026 9:15:04 AM","7/22/2026 9:15:04 AM","116","115","3","Shipped","96107.61","6727.53","63.00","102898.14","legacy-app-seed","9/17/2026 9:15:04 AM","9/17/2026 9:15:04 AM"
"148","SO-2026-01093","59","8/10/2026 9:15:04 AM","8/21/2026 9:15:04 AM","118","117","3","Pending","21458.73","1502.11","29.00","22989.84","legacy-app-seed","9/17/2026 9:15:04 AM","9/17/2026 9:15:04 AM"
"149","SO-2026-01008","60","7/9/2026 9:15:04 AM","7/23/2026 9:15:04 AM","120","119","2","Cancelled","12062.26","844.36","31.00","12937.62","legacy-app-seed","9/17/2026 9:15:04 AM","9/17/2026 9:15:04 AM"
"150","SO-2026-01074","60","7/12/2026 9:15:04 AM","7/21/2026 9:15:04 AM","120","119","1","Delivered","38169.10","2671.84","72.00","40912.94","legacy-app-seed","9/17/2026 9:15:04 AM","9/17/2026 9:15:04 AM"
"152","SO-20260917113330119","1","9/17/2026 11:33:30 AM","","2","1","1","Confirmed","2026.89","141.88","15.00","2183.77","","9/17/2026 11:33:30 AM","9/17/2026 11:33:49 AM"
