"OrderLineID","OrderID","LineNumber","ProductID","WarehouseID","Quantity","UnitPrice","DiscountPercent","LineTotal"
"1","2","1","87","3","12","4850.99","6.00","54719.17"
"2","3","1","110","2","15","2807.37","12.00","37057.28"
"3","8","1","123","2","7","382.26","6.00","2515.27"
"4","6","1","92","3","9","4626.44","3.00","40388.82"
"5","19","1","54","2","5","3389.70","4.00","16270.56"
"6","20","1","12","1","3","3148.71","6.00","8879.36"
"7","21","1","40","3","5","3942.86","2.00","19320.01"
"8","26","1","85","2","12","60.61","13.00","632.77"
"9","30","1","92","2","6","4626.44","13.00","24150.02"
"10","34","1","20","1","14","2220.22","6.00","29218.10"
"11","51","1","3","1","14","1204.19","2.00","16521.49"
"12","49","1","29","1","9","2744.19","8.00","22721.89"
"13","60","1","39","1","19","4078.59","11.00","68968.96"
"14","66","1","93","1","13","2405.40","2.00","30644.80"
"15","69","1","138","3","8","4120.42","7.00","30655.92"
"16","70","1","133","2","8","2172.29","11.00","15466.70"
"17","75","1","7","2","8","828.06","6.00","6227.01"
"18","72","1","59","3","13","709.24","1.00","9127.92"
"19","79","1","137","3","17","1940.96","13.00","28706.80"
"20","81","1","46","1","7","2370.13","7.00","15429.55"
"21","86","1","28","1","19","3050.18","2.00","56794.35"
"22","101","1","25","3","4","2668.77","9.00","9714.32"
"23","104","1","4","1","1","2998.34","10.00","2698.51"
"24","106","1","139","1","18","2997.64","4.00","51799.22"
"25","111","1","103","3","3","4725.83","4.00","13610.39"
"26","112","1","112","1","9","3610.02","9.00","29566.06"
"27","113","1","78","1","12","3155.04","12.00","33317.22"
"28","108","1","20","1","16","2220.22","9.00","32326.40"
"29","119","1","61","2","5","1624.20","12.00","7146.48"
"30","121","1","116","3","11","2712.88","14.00","25663.84"
"31","134","1","126","3","8","3841.39","4.00","29501.88"
"32","140","1","36","1","15","2975.89","7.00","41513.67"
"33","149","1","119","2","8","1587.14","5.00","12062.26"
"34","150","1","101","1","3","2341.83","14.00","6041.92"
"35","150","2","70","1","15","2406.53","11.00","32127.18"
"36","148","1","129","3","16","1160.62","2.00","18198.52"
"37","148","2","107","3","1","3505.60","7.00","3260.21"
"38","133","1","40","1","16","3942.86","1.00","62454.90"
"39","133","2","47","1","5","1322.49","8.00","6083.45"
"40","146","1","84","1","8","4631.42","3.00","35939.82"
"41","146","2","66","1","18","567.34","8.00","9395.15"
"42","135","1","72","2","19","4335.08","14.00","70835.21"
"43","135","2","11","2","5","3621.86","5.00","17203.84"
"44","136","1","135","3","17","2705.78","14.00","39558.50"
"45","136","2","57","3","10","1543.48","14.00","13273.93"
"46","122","1","63","1","12","3093.89","10.00","33414.01"
"47","122","2","102","1","12","4436.53","1.00","52705.98"
"48","123","1","125","2","18","3421.91","11.00","54819.00"
"49","123","2","96","2","12","3793.92","11.00","40519.07"
"50","120","1","97","3","10","3617.43","5.00","34365.59"
"51","120","2","104","3","3","3935.07","5.00","11214.95"
"52","125","1","85","1","9","60.61","12.00","480.03"
"53","125","2","44","1","18","2181.74","14.00","33773.34"
"54","129","1","22","2","17","2715.47","3.00","44778.10"
"55","129","2","103","2","18","4725.83","5.00","80811.69"
"56","114","1","100","1","20","2912.59","14.00","50096.55"
"57","114","2","63","1","1","3093.89","4.00","2970.13"
"58","115","1","35","2","13","1398.68","2.00","17819.18"
"59","115","2","42","2","12","4534.70","4.00","52239.74"
"60","74","1","1","1","3","3269.56","3.00","9514.42"
"61","74","2","59","1","15","709.24","5.00","10106.67"
"62","103","1","136","3","17","2292.43","8.00","35853.61"
"63","103","2","18","3","11","814.00","0.00","8954.00"
"64","87","1","79","1","7","3743.18","11.00","23320.01"
"65","87","2","76","1","18","2564.09","2.00","45230.55"
"66","93","1","96","2","5","3793.92","10.00","17072.64"
"67","93","2","87","2","12","4850.99","1.00","57629.76"
"68","89","1","3","1","2","1204.19","3.00","2336.13"
"69","89","2","46","1","8","2370.13","5.00","18012.99"
"70","90","1","40","2","3","3942.86","8.00","10882.29"
"71","90","2","63","2","14","3093.89","13.00","37683.58"
"72","82","1","105","2","3","3974.71","10.00","10731.72"
"73","82","2","41","2","12","4901.11","3.00","57048.92"
"74","83","1","54","3","15","3389.70","12.00","44744.04"
"75","83","2","100","3","20","2912.59","13.00","50679.07"
"76","76","1","24","3","15","4670.83","7.00","65158.08"
"77","76","2","61","3","9","1624.20","1.00","14471.62"
"78","67","1","65","3","6","1024.40","5.00","5839.08"
"79","67","2","65","3","6","1024.40","6.00","5777.62"
"80","68","1","16","2","4","4282.86","7.00","15932.24"
"81","68","2","86","2","10","3899.55","10.00","35095.95"
"82","57","1","128","2","8","1145.08","8.00","8427.79"
"83","57","2","103","2","10","4725.83","13.00","41114.72"
"84","62","1","56","3","15","3336.60","0.00","50049.00"
"85","62","2","65","3","13","1024.40","10.00","11985.48"
"86","42","1","73","2","9","1906.99","12.00","15103.36"
"87","42","2","82","2","1","1099.71","1.00","1088.71"
"88","43","1","77","3","14","2683.02","12.00","33054.81"
"89","43","2","70","3","1","2406.53","6.00","2262.14"
"90","33","1","106","2","7","2840.13","4.00","19085.67"
"91","33","2","14","2","8","1172.30","2.00","9190.83"
"92","48","1","78","2","14","3155.04","13.00","38428.39"
"93","48","2","97","2","14","3617.43","13.00","44060.30"
"94","37","1","75","3","3","1232.85","14.00","3180.75"
"95","37","2","58","3","11","241.97","7.00","2475.35"
"96","31","1","9","3","9","4573.00","11.00","36629.73"
"97","31","2","22","3","7","2715.47","14.00","16347.13"
"98","27","1","84","3","12","4631.42","3.00","53909.73"
"99","27","2","22","3","19","2715.47","6.00","48498.29"
"100","15","1","18","3","3","814.00","3.00","2368.74"
"101","15","2","67","3","1","3145.86","9.00","2862.73"
"102","9","1","98","1","1","1008.73","2.00","988.56"
"103","9","2","116","1","15","2712.88","13.00","35403.08"
"104","10","1","66","1","16","567.34","2.00","8895.89"
"105","10","2","109","1","15","2208.45","9.00","30145.34"
"106","1","1","124","1","10","2560.64","9.00","23301.82"
"107","1","2","16","1","2","4282.86","12.00","7537.83"
"108","1","3","78","1","18","3155.04","12.00","49975.83"
"109","5","1","78","3","4","3155.04","5.00","11989.15"
"110","5","2","34","3","3","1558.66","8.00","4301.90"
"111","5","3","94","3","3","3685.15","0.00","11055.45"
"112","16","1","96","1","18","3793.92","3.00","66241.84"
"113","16","2","60","1","4","3106.60","4.00","11929.34"
"114","16","3","81","1","18","3472.91","8.00","57511.39"
"115","12","1","39","2","1","4078.59","3.00","3956.23"
"116","12","2","76","2","10","2564.09","6.00","24102.45"
"117","12","3","24","2","13","4670.83","12.00","53434.30"
"118","23","1","24","3","12","4670.83","1.00","55489.46"
"119","23","2","13","3","3","4860.56","3.00","14144.23"
"120","23","3","128","3","2","1145.08","7.00","2129.85"
"121","25","1","119","2","12","1587.14","6.00","17902.94"
"122","25","2","111","2","9","4564.41","13.00","35739.33"
"123","25","3","87","2","15","4850.99","5.00","69126.61"
"124","39","1","46","2","4","2370.13","0.00","9480.52"
"125","39","2","26","2","9","2891.58","0.00","26024.22"
"126","39","3","40","2","17","3942.86","14.00","57644.61"
"127","40","1","101","2","8","2341.83","12.00","16486.48"
"128","40","2","78","2","14","3155.04","11.00","39311.80"
"129","40","3","27","2","5","565.71","4.00","2715.41"
"130","55","1","79","3","1","3743.18","10.00","3368.86"
"131","55","2","49","3","2","2650.28","12.00","4664.49"
"132","55","3","53","3","6","3021.08","2.00","17763.95"
"133","52","1","123","2","4","382.26","8.00","1406.72"
"134","52","2","91","2","11","4697.53","7.00","48055.73"
"135","52","3","72","2","20","4335.08","12.00","76297.41"
"136","64","1","100","1","13","2912.59","1.00","37485.03"
"137","64","2","134","1","20","2300.16","11.00","40942.85"
"138","64","3","112","1","3","3610.02","10.00","9747.05"
"139","73","1","67","2","9","3145.86","5.00","26897.10"
"140","73","2","93","2","8","2405.40","14.00","16549.15"
"141","73","3","6","2","11","1214.45","7.00","12423.82"
"142","91","1","130","2","3","561.26","5.00","1599.59"
"143","91","2","90","2","20","3699.81","2.00","72516.28"
"144","91","3","61","2","20","1624.20","8.00","29885.28"
"145","88","1","83","1","10","4774.82","14.00","41063.45"
"146","88","2","121","1","11","674.57","13.00","6455.63"
"147","88","3","60","1","20","3106.60","4.00","59646.72"
"148","96","1","127","1","2","590.29","2.00","1156.97"
"149","96","2","94","1","8","3685.15","4.00","28301.95"
"150","96","3","125","1","9","3421.91","8.00","28333.41"
"151","97","1","42","1","17","4534.70","4.00","74006.30"
"152","97","2","36","1","1","2975.89","5.00","2827.10"
"153","97","3","71","1","4","2488.09","8.00","9156.17"
"154","116","1","17","2","18","2774.48","7.00","46444.80"
"155","116","2","89","2","20","3608.11","11.00","64224.36"
"156","116","3","29","2","10","2744.19","1.00","27167.48"
"157","118","1","57","1","5","1543.48","0.00","7717.40"
"158","118","2","96","1","18","3793.92","13.00","59412.79"
"159","118","3","7","1","18","828.06","0.00","14905.08"
"160","132","1","127","2","8","590.29","11.00","4202.86"
"161","132","2","80","2","6","3141.41","4.00","18094.52"
"162","132","3","48","2","16","899.88","13.00","12526.33"
"163","127","1","72","1","10","4335.08","8.00","39882.74"
"164","127","2","72","1","8","4335.08","5.00","32946.61"
"165","127","3","39","1","14","4078.59","2.00","55958.25"
"166","128","1","29","1","5","2744.19","11.00","12211.65"
"167","128","2","110","1","12","2807.37","8.00","30993.36"
"168","128","3","32","1","16","201.48","8.00","2965.79"
"169","124","1","12","2","6","3148.71","12.00","16625.19"
"170","124","2","2","2","8","3379.47","3.00","26224.69"
"171","124","3","130","2","16","561.26","13.00","7812.74"
"172","141","1","122","1","10","3314.41","3.00","32149.78"
"173","141","2","64","1","3","2385.63","8.00","6584.34"
"174","141","3","43","1","7","4215.48","7.00","27442.77"
"175","139","1","80","3","19","3141.41","12.00","52524.38"
"176","139","2","122","3","9","3314.41","14.00","25653.53"
"177","139","3","61","3","14","1624.20","2.00","22284.02"
"178","147","1","119","3","5","1587.14","9.00","7221.49"
"179","147","2","107","3","3","3505.60","1.00","10411.63"
"180","147","3","37","3","1","4827.35","10.00","4344.62"
"181","147","4","72","3","18","4335.08","5.00","74129.87"
"182","145","1","138","1","11","4120.42","14.00","38979.17"
"183","145","2","119","1","10","1587.14","7.00","14760.40"
"184","145","3","106","1","18","2840.13","2.00","50099.89"
"185","145","4","128","1","18","1145.08","10.00","18550.30"
"186","137","1","109","2","18","2208.45","9.00","36174.41"
"187","137","2","60","2","20","3106.60","5.00","59025.40"
"188","137","3","117","2","18","3427.58","0.00","61696.44"
"189","137","4","44","2","1","2181.74","5.00","2072.65"
"190","138","1","4","3","15","2998.34","8.00","41377.09"
"191","138","2","14","3","20","1172.30","5.00","22273.70"
"192","138","3","130","3","10","561.26","9.00","5107.47"
"193","138","4","132","3","10","3146.36","1.00","31148.96"
"194","109","1","67","3","11","3145.86","12.00","30451.92"
"195","109","2","84","3","17","4631.42","13.00","68498.70"
"196","109","3","89","3","4","3608.11","4.00","13855.14"
"197","109","4","49","3","20","2650.28","6.00","49825.26"
"198","107","1","112","2","5","3610.02","8.00","16606.09"
"199","107","2","72","2","1","4335.08","2.00","4248.38"
"200","107","3","32","2","13","201.48","9.00","2383.51"
"201","107","4","43","2","19","4215.48","4.00","76890.36"
"202","102","1","81","1","10","3472.91","14.00","29867.03"
"203","102","2","56","1","6","3336.60","5.00","19018.62"
"204","102","3","100","1","6","2912.59","8.00","16077.50"
"205","102","4","108","1","4","2145.05","13.00","7464.77"
"206","80","1","122","2","7","3314.41","4.00","22272.84"
"207","80","2","114","2","13","2240.86","7.00","27092.00"
"208","80","3","89","2","16","3608.11","4.00","55420.57"
"209","80","4","48","2","19","899.88","4.00","16413.81"
"210","84","1","99","2","11","1921.96","4.00","20295.90"
"211","84","2","137","2","12","1940.96","8.00","21428.20"
"212","84","3","25","2","10","2668.77","14.00","22951.42"
"213","84","4","91","2","19","4697.53","11.00","79435.23"
"214","85","1","79","2","5","3743.18","9.00","17031.47"
"215","85","2","119","2","2","1587.14","10.00","2856.85"
"216","85","3","121","2","2","674.57","1.00","1335.65"
"217","85","4","27","2","15","565.71","0.00","8485.65"
"218","71","1","34","3","17","1558.66","14.00","22787.61"
"219","71","2","40","3","17","3942.86","2.00","65688.05"
"220","71","3","119","3","20","1587.14","10.00","28568.52"
"221","71","4","23","3","11","4778.00","6.00","49404.52"
"222","77","1","55","3","2","2561.22","0.00","5122.44"
"223","77","2","50","3","14","143.30","0.00","2006.20"
"224","77","3","127","3","18","590.29","13.00","9243.94"
"225","77","4","78","3","3","3155.04","13.00","8234.65"
"226","53","1","41","2","3","4901.11","0.00","14703.33"
"227","53","2","115","2","2","776.60","14.00","1335.75"
"228","53","3","81","2","10","3472.91","14.00","29867.03"
"229","53","4","17","2","18","2774.48","2.00","48941.83"
"230","54","1","109","2","16","2208.45","6.00","33215.09"
"231","54","2","62","2","6","2237.21","3.00","13020.56"
"232","54","3","45","2","13","1857.49","3.00","23422.95"
"233","54","4","18","2","10","814.00","6.00","7651.60"
"234","56","1","101","1","5","2341.83","14.00","10069.87"
"235","56","2","102","1","1","4436.53","8.00","4081.61"
"236","56","3","91","1","12","4697.53","6.00","52988.14"
"237","56","4","114","1","9","2240.86","13.00","17545.93"
"238","41","1","68","3","7","3124.09","0.00","21868.63"
"239","41","2","57","3","7","1543.48","3.00","10480.23"
"240","41","3","102","3","10","4436.53","8.00","40816.08"
"241","41","4","113","3","1","933.25","0.00","933.25"
"242","45","1","72","2","7","4335.08","1.00","30042.10"
"243","45","2","113","2","7","933.25","8.00","6010.13"
"244","45","3","135","2","5","2705.78","10.00","12176.01"
"245","45","4","82","2","17","1099.71","6.00","17573.37"
"246","46","1","76","3","7","2564.09","13.00","15615.31"
"247","46","2","138","3","11","4120.42","14.00","38979.17"
"248","46","3","11","3","11","3621.86","2.00","39043.65"
"249","46","4","5","3","1","2109.47","6.00","1982.90"
"250","47","1","128","1","5","1145.08","14.00","4923.84"
"251","47","2","89","1","13","3608.11","8.00","43153.00"
"252","47","3","91","1","15","4697.53","14.00","60598.14"
"253","47","4","109","1","18","2208.45","0.00","39752.10"
"254","29","1","94","2","12","3685.15","2.00","43337.36"
"255","29","2","53","2","12","3021.08","6.00","34077.78"
"256","29","3","25","2","9","2668.77","12.00","21136.66"
"257","29","4","88","2","20","2105.10","2.00","41259.96"
"258","32","1","139","2","14","2997.64","0.00","41966.96"
"259","32","2","33","2","12","319.94","13.00","3340.17"
"260","32","3","8","2","15","729.82","12.00","9633.62"
"261","32","4","138","2","6","4120.42","2.00","24228.07"
"262","35","1","29","1","11","2744.19","10.00","27167.48"
"263","35","2","66","1","3","567.34","0.00","1702.02"
"264","35","3","23","1","18","4778.00","8.00","79123.68"
"265","35","4","43","1","8","4215.48","2.00","33049.36"
"266","24","1","39","2","2","4078.59","0.00","8157.18"
"267","24","2","46","2","11","2370.13","7.00","24246.43"
"268","24","3","55","2","19","2561.22","1.00","48176.55"
"269","24","4","88","2","2","2105.10","9.00","3831.28"
"270","22","1","98","1","18","1008.73","6.00","17067.71"
"271","22","2","70","1","13","2406.53","6.00","29407.80"
"272","22","3","79","1","2","3743.18","0.00","7486.36"
"273","22","4","28","1","19","3050.18","7.00","53896.68"
"274","13","1","16","1","17","4282.86","5.00","69168.19"
"275","13","2","91","1","11","4697.53","1.00","51156.10"
"276","13","3","18","1","12","814.00","14.00","8400.48"
"277","13","4","92","1","10","4626.44","11.00","41175.32"
"278","17","1","130","2","2","561.26","12.00","987.82"
"279","17","2","34","2","14","1558.66","11.00","19420.90"
"280","17","3","90","2","3","3699.81","11.00","9878.49"
"281","17","4","55","2","16","2561.22","9.00","37291.36"
"282","4","1","36","2","3","2975.89","9.00","8124.18"
"283","4","2","13","2","1","4860.56","11.00","4325.90"
"284","4","3","88","2","15","2105.10","7.00","29366.15"
"285","4","4","42","2","13","4534.70","11.00","52466.48"
"286","11","1","46","2","2","2370.13","9.00","4313.64"
"287","11","2","55","2","8","2561.22","12.00","18030.99"
"288","11","3","73","2","2","1906.99","0.00","3813.98"
"289","11","4","117","2","3","3427.58","1.00","10179.91"
"290","11","5","117","2","7","3427.58","13.00","20873.96"
"291","18","1","96","1","15","3793.92","9.00","51787.01"
"292","18","2","22","1","7","2715.47","5.00","18057.88"
"293","18","3","119","1","12","1587.14","1.00","18855.22"
"294","18","4","59","1","18","709.24","9.00","11617.35"
"295","18","5","65","1","6","1024.40","6.00","5777.62"
"296","14","1","119","1","5","1587.14","6.00","7459.56"
"297","14","2","66","1","8","567.34","13.00","3948.69"
"298","14","3","12","1","3","3148.71","14.00","8123.67"
"299","14","4","116","1","8","2712.88","2.00","21268.98"
"300","14","5","95","1","3","4840.30","9.00","13214.02"
"301","7","1","37","1","9","4827.35","7.00","40404.92"
"302","7","2","60","1","1","3106.60","6.00","2920.20"
"303","7","3","40","1","2","3942.86","5.00","7491.43"
"304","7","4","19","1","2","2769.04","5.00","5261.18"
"305","7","5","59","1","20","709.24","0.00","14184.80"
"306","28","1","27","2","15","565.71","0.00","8485.65"
"307","28","2","17","2","1","2774.48","9.00","2524.78"
"308","28","3","28","2","2","3050.18","11.00","5429.32"
"309","28","4","129","2","11","1160.62","1.00","12639.15"
"310","28","5","122","2","7","3314.41","12.00","20416.77"
"311","36","1","140","1","17","74.08","8.00","1158.61"
"312","36","2","108","1","9","2145.05","14.00","16602.69"
"313","36","3","17","1","3","2774.48","10.00","7491.10"
"314","36","4","130","1","16","561.26","7.00","8351.55"
"315","36","5","65","1","11","1024.40","11.00","10028.88"
"316","38","1","59","2","5","709.24","11.00","3156.12"
"317","38","2","105","2","14","3974.71","1.00","55089.48"
"318","38","3","105","2","2","3974.71","8.00","7313.47"
"319","38","4","1","2","16","3269.56","8.00","48127.92"
"320","38","5","79","2","3","3743.18","10.00","10106.59"
"321","44","1","112","2","8","3610.02","3.00","28013.76"
"322","44","2","81","2","19","3472.91","6.00","62026.17"
"323","44","3","118","2","16","2236.49","2.00","35068.16"
"324","44","4","125","2","6","3421.91","8.00","18888.94"
"325","44","5","48","2","17","899.88","10.00","13768.16"
"326","50","1","118","3","20","2236.49","11.00","39809.52"
"327","50","2","87","3","15","4850.99","0.00","72764.85"
"328","50","3","66","3","6","567.34","11.00","3029.60"
"329","50","4","16","3","4","4282.86","6.00","16103.55"
"330","50","5","116","3","13","2712.88","11.00","31388.02"
"331","78","1","61","2","13","1624.20","5.00","20058.87"
"332","78","2","92","2","17","4626.44","7.00","73144.02"
"333","78","3","88","2","8","2105.10","6.00","15830.35"
"334","78","4","55","2","9","2561.22","13.00","20054.35"
"335","78","5","94","2","5","3685.15","6.00","17320.21"
"336","65","1","136","2","4","2292.43","13.00","7977.66"
"337","65","2","20","2","7","2220.22","10.00","13987.39"
"338","65","3","126","2","6","3841.39","1.00","22817.86"
"339","65","4","126","2","8","3841.39","1.00","30423.81"
"340","65","5","122","2","17","3314.41","11.00","50147.02"
"341","63","1","140","3","17","74.08","14.00","1083.05"
"342","63","2","46","3","20","2370.13","7.00","44084.42"
"343","63","3","137","3","14","1940.96","9.00","24727.83"
"344","63","4","102","3","15","4436.53","12.00","58562.20"
"345","63","5","132","3","4","3146.36","8.00","11578.60"
"346","58","1","56","1","20","3336.60","12.00","58724.16"
"347","58","2","2","1","15","3379.47","13.00","44102.08"
"348","58","3","67","1","4","3145.86","9.00","11450.93"
"349","58","4","129","1","14","1160.62","9.00","14786.30"
"350","58","5","136","1","20","2292.43","9.00","41722.23"
"351","59","1","34","1","5","1558.66","7.00","7247.77"
"352","59","2","1","1","16","3269.56","13.00","45512.28"
"353","59","3","41","1","20","4901.11","4.00","94101.31"
"354","59","4","130","1","11","561.26","8.00","5679.95"
"355","59","5","55","1","5","2561.22","3.00","12421.92"
"356","61","1","101","3","18","2341.83","3.00","40888.35"
"357","61","2","63","3","2","3093.89","0.00","6187.78"
"358","61","3","47","3","10","1322.49","6.00","12431.41"
"359","61","4","123","3","18","382.26","10.00","6192.61"
"360","61","5","47","3","8","1322.49","10.00","9521.93"
"361","94","1","80","3","11","3141.41","5.00","32827.73"
"362","94","2","104","3","1","3935.07","9.00","3580.91"
"363","94","3","58","3","19","241.97","3.00","4459.51"
"364","94","4","93","3","3","2405.40","11.00","6422.42"
"365","94","5","33","3","11","319.94","8.00","3237.79"
"366","95","1","123","1","18","382.26","1.00","6811.87"
"367","95","2","45","1","11","1857.49","1.00","20228.07"
"368","95","3","137","1","9","1940.96","12.00","15372.40"
"369","95","4","115","1","8","776.60","7.00","5777.90"
"370","95","5","123","1","6","382.26","4.00","2201.82"
"371","92","1","84","3","1","4631.42","0.00","4631.42"
"372","92","2","91","3","9","4697.53","7.00","39318.33"
"373","92","3","113","3","15","933.25","14.00","12038.93"
"374","92","4","65","3","6","1024.40","14.00","5285.90"
"375","92","5","130","3","10","561.26","8.00","5163.59"
"376","98","1","35","1","9","1398.68","12.00","11077.55"
"377","98","2","80","1","6","3141.41","10.00","16963.61"
"378","98","3","137","1","4","1940.96","8.00","7142.73"
"379","98","4","46","1","10","2370.13","3.00","22990.26"
"380","98","5","31","1","15","2026.89","0.00","30403.35"
"381","99","1","66","1","11","567.34","1.00","6178.33"
"382","99","2","14","1","6","1172.30","3.00","6822.79"
"383","99","3","110","1","6","2807.37","10.00","15159.80"
"384","99","4","75","1","2","1232.85","14.00","2120.50"
"385","99","5","17","1","7","2774.48","9.00","17673.44"
"386","100","1","83","1","8","4774.82","8.00","35142.68"
"387","100","2","68","1","11","3124.09","13.00","29897.54"
"388","100","3","47","1","8","1322.49","3.00","10262.52"
"389","100","4","89","1","6","3608.11","6.00","20349.74"
"390","100","5","104","1","3","3935.07","2.00","11569.11"
"391","105","1","30","1","18","1635.07","0.00","29431.26"
"392","105","2","54","1","16","3389.70","3.00","52608.14"
"393","105","3","124","1","7","2560.64","13.00","15594.30"
"394","105","4","30","1","9","1635.07","10.00","13244.07"
"395","105","5","9","1","3","4573.00","2.00","13444.62"
"396","117","1","99","2","5","1921.96","2.00","9417.60"
"397","117","2","89","2","17","3608.11","5.00","58270.98"
"398","117","3","133","2","8","2172.29","12.00","15292.92"
"399","117","4","34","2","4","1558.66","4.00","5985.25"
"400","117","5","140","2","4","74.08","0.00","296.32"
"401","110","1","39","1","2","4078.59","7.00","7586.18"
"402","110","2","19","1","4","2769.04","11.00","9857.78"
"403","110","3","135","1","12","2705.78","6.00","30521.20"
"404","110","4","49","1","6","2650.28","1.00","15742.66"
"405","110","5","102","1","17","4436.53","13.00","65616.28"
"406","126","1","112","1","19","3610.02","2.00","67218.57"
"407","126","2","105","1","17","3974.71","11.00","60137.36"
"408","126","3","79","1","13","3743.18","8.00","44768.43"
"409","126","4","129","1","1","1160.62","9.00","1056.16"
"410","126","5","82","1","19","1099.71","7.00","19431.88"
"411","130","1","135","2","13","2705.78","9.00","32009.38"
"412","130","2","94","2","7","3685.15","2.00","25280.13"
"413","130","3","59","2","3","709.24","4.00","2042.61"
"414","130","4","87","2","17","4850.99","1.00","81642.16"
"415","130","5","33","2","11","319.94","9.00","3202.60"
"416","131","1","86","2","18","3899.55","1.00","69489.98"
"417","131","2","123","2","14","382.26","4.00","5137.57"
"418","131","3","75","2","17","1232.85","8.00","19281.77"
"419","131","4","66","2","2","567.34","2.00","1111.99"
"420","131","5","89","2","13","3608.11","4.00","45029.21"
"421","142","1","95","2","9","4840.30","14.00","37463.92"
"422","142","2","52","2","17","2342.48","12.00","35043.50"
"423","142","3","51","2","5","4349.14","11.00","19353.67"
"424","142","4","73","2","17","1906.99","9.00","29501.14"
"425","142","5","104","2","6","3935.07","12.00","20777.17"
"426","143","1","60","3","18","3106.60","8.00","51445.30"
"427","143","2","27","3","13","565.71","4.00","7060.06"
"428","143","3","34","3","10","1558.66","4.00","14963.14"
"429","143","4","112","3","8","3610.02","13.00","25125.74"
"430","143","5","97","3","10","3617.43","0.00","36174.30"
"431","144","1","96","3","6","3793.92","8.00","20942.44"
"432","144","2","117","3","5","3427.58","13.00","14909.97"
"433","144","3","94","3","14","3685.15","8.00","47464.73"
"434","144","4","90","3","3","3699.81","5.00","10544.46"
"435","144","5","36","3","5","2975.89","2.00","14581.86"
"437","152","1","31","1","1","2026.89","0.00","2026.89"
