"CategoryID","CategoryCode","CategoryName","ParentCategoryID","Description","IsActive","CreatedDate"
"1","API","Active Pharmaceutical Ingredients","","Pharmaceutical active ingredients used in finished-dose manufacturing","True","9/17/2026 9:15:04 AM"
"2","EXC","Pharmaceutical Excipients","","Functional excipients used in tablets, capsules, liquids and other dosage forms","True","9/17/2026 9:15:04 AM"
"3","INT","Pharmaceutical Intermediates","","Key chemical intermediates used in pharmaceutical synthesis and processing","True","9/17/2026 9:15:04 AM"
"4","OSD","Oral Solid Dosage","","Tablets, capsules and related oral solid dosage products","True","9/17/2026 9:15:04 AM"
"5","INJ","Injectables","","Sterile injectable products and components for parenteral manufacturing","True","9/17/2026 9:15:04 AM"
"6","BIO","Biologics & Bioprocessing","","Biologic products and materials used in biopharmaceutical processing","True","9/17/2026 9:15:04 AM"
"7","PKG","Pharmaceutical Packaging","","Primary and secondary packaging materials for pharmaceutical products","True","9/17/2026 9:15:04 AM"
"8","LAB","Laboratory Reagents","","Reagents and analytical materials used for pharmaceutical quality control","True","9/17/2026 9:15:04 AM"
"9","PRC","Process Chemicals","","Process chemicals used in pharmaceutical manufacturing and cleaning operations","True","9/17/2026 9:15:04 AM"
"10","CRC","Cleanroom Consumables","","Cleanroom garments, wipes and consumables for controlled manufacturing environments","True","9/17/2026 9:15:04 AM"
