"ProductDescriptionID","ProductID","LanguageCode","ShortDescription","LongDescription","Specifications"
"1","1","en-US","Paracetamol API by Pfizer","Paracetamol API is a pharmaceutical-grade product intended for use in active pharmaceutical ingredients. It is supplied by Pfizer and is designed to support consistent quality, controlled processing, and reliable pharmaceutical manufacturing or quality-control operations.","Manufacturer: Pfizer; Unit of Measure: EA; Weight: 1.76 kg; Industry: Pharmaceuticals; Quality: GMP-aligned supply"
"2","2","en-US","Lactose Monohydrate by Novartis","Lactose Monohydrate is a pharmaceutical-grade product intended for use in pharmaceutical excipients. It is supplied by Novartis and is designed to support consistent quality, controlled processing, and reliable pharmaceutical manufacturing or quality-control operations.","Manufacturer: Novartis; Unit of Measure: EA; Weight: 13.11 kg; Industry: Pharmaceuticals; Quality: GMP-aligned supply"
"3","3","en-US","Benzyl Alcohol Intermediate by Sanofi","Benzyl Alcohol Intermediate is a pharmaceutical-grade product intended for use in pharmaceutical intermediates. It is supplied by Sanofi and is designed to support consistent quality, controlled processing, and reliable pharmaceutical manufacturing or quality-control operations.","Manufacturer: Sanofi; Unit of Measure: EA; Weight: 14.87 kg; Industry: Pharmaceuticals; Quality: GMP-aligned supply"
"4","4","en-US","Amoxicillin Capsules 500mg by Roche","Amoxicillin Capsules 500mg is a pharmaceutical-grade product intended for use in oral solid dosage. It is supplied by Roche and is designed to support consistent quality, controlled processing, and reliable pharmaceutical manufacturing or quality-control operations.","Manufacturer: Roche; Unit of Measure: EA; Weight: 35.46 kg; Industry: Pharmaceuticals; Quality: GMP-aligned supply"
"5","5","en-US","Insulin Injection 100 IU/mL by Merck","Insulin Injection 100 IU/mL is a pharmaceutical-grade product intended for use in injectables. It is supplied by Merck and is designed to support consistent quality, controlled processing, and reliable pharmaceutical manufacturing or quality-control operations.","Manufacturer: Merck; Unit of Measure: EA; Weight: 10.46 kg; Industry: Pharmaceuticals; Quality: GMP-aligned supply"
"6","6","en-US","Protein Purification Resin by GSK","Protein Purification Resin is a pharmaceutical-grade product intended for use in biologics & bioprocessing. It is supplied by GSK and is designed to support consistent quality, controlled processing, and reliable pharmaceutical manufacturing or quality-control operations.","Manufacturer: GSK; Unit of Measure: EA; Weight: 19.16 kg; Industry: Pharmaceuticals; Quality: GMP-aligned supply"
"7","7","en-US","Rubber Stopper 20mm by AstraZeneca","Rubber Stopper 20mm is a pharmaceutical-grade product intended for use in pharmaceutical packaging. It is supplied by AstraZeneca and is designed to support consistent quality, controlled processing, and reliable pharmaceutical manufacturing or quality-control operations.","Manufacturer: AstraZeneca; Unit of Measure: EA; Weight: 15.99 kg; Industry: Pharmaceuticals; Quality: GMP-aligned supply"
"8","8","en-US","Karl Fischer Reagent by Bayer","Karl Fischer Reagent is a pharmaceutical-grade product intended for use in laboratory reagents. It is supplied by Bayer and is designed to support consistent quality, controlled processing, and reliable pharmaceutical manufacturing or quality-control operations.","Manufacturer: Bayer; Unit of Measure: EA; Weight: 1.6 kg; Industry: Pharmaceuticals; Quality: GMP-aligned supply"
"9","9","en-US","Citric Acid Cleaning Solution by AbbVie","Citric Acid Cleaning Solution is a pharmaceutical-grade product intended for use in process chemicals. It is supplied by AbbVie and is designed to support consistent quality, controlled processing, and reliable pharmaceutical manufacturing or quality-control operations.","Manufacturer: AbbVie; Unit of Measure: EA; Weight: 24.14 kg; Industry: Pharmaceuticals; Quality: GMP-aligned supply"
"10","10","en-US","Cleanroom Sticky Mats by Eli Lilly","Cleanroom Sticky Mats is a pharmaceutical-grade product intended for use in cleanroom consumables. It is supplied by Eli Lilly and is designed to support consistent quality, controlled processing, and reliable pharmaceutical manufacturing or quality-control operations.","Manufacturer: Eli Lilly; Unit of Measure: EA; Weight: 20.81 kg; Industry: Pharmaceuticals; Quality: GMP-aligned supply"
"11","11","en-US","Cetirizine HCl API by Johnson & Johnson","Cetirizine HCl API is a pharmaceutical-grade product intended for use in active pharmaceutical ingredients. It is supplied by Johnson & Johnson and is designed to support consistent quality, controlled processing, and reliable pharmaceutical manufacturing or quality-control operations.","Manufacturer: Johnson & Johnson; Unit of Measure: EA; Weight: 24.71 kg; Industry: Pharmaceuticals; Quality: GMP-aligned supply"
"12","12","en-US","Pregelatinized Starch by Boehringer Ingelheim","Pregelatinized Starch is a pharmaceutical-grade product intended for use in pharmaceutical excipients. It is supplied by Boehringer Ingelheim and is designed to support consistent quality, controlled processing, and reliable pharmaceutical manufacturing or quality-control operations.","Manufacturer: Boehringer Ingelheim; Unit of Measure: EA; Weight: 30.61 kg; Industry: Pharmaceuticals; Quality: GMP-aligned supply"
"13","13","en-US","Nitrobenzene Intermediate by Takeda","Nitrobenzene Intermediate is a pharmaceutical-grade product intended for use in pharmaceutical intermediates. It is supplied by Takeda and is designed to support consistent quality, controlled processing, and reliable pharmaceutical manufacturing or quality-control operations.","Manufacturer: Takeda; Unit of Measure: EA; Weight: 45.91 kg; Industry: Pharmaceuticals; Quality: GMP-aligned supply"
"14","14","en-US","Fluconazole Capsules 150mg by Amgen","Fluconazole Capsules 150mg is a pharmaceutical-grade product intended for use in oral solid dosage. It is supplied by Amgen and is designed to support consistent quality, controlled processing, and reliable pharmaceutical manufacturing or quality-control operations.","Manufacturer: Amgen; Unit of Measure: EA; Weight: 11.35 kg; Industry: Pharmaceuticals; Quality: GMP-aligned supply"
"15","15","en-US","Paracetamol Injection 10mg/mL by Novo Nordisk","Paracetamol Injection 10mg/mL is a pharmaceutical-grade product intended for use in injectables. It is supplied by Novo Nordisk and is designed to support consistent quality, controlled processing, and reliable pharmaceutical manufacturing or quality-control operations.","Manufacturer: Novo Nordisk; Unit of Measure: EA; Weight: 27.41 kg; Industry: Pharmaceuticals; Quality: GMP-aligned supply"
"16","16","en-US","Recombinant Insulin Bulk by Teva","Recombinant Insulin Bulk is a pharmaceutical-grade product intended for use in biologics & bioprocessing. It is supplied by Teva and is designed to support consistent quality, controlled processing, and reliable pharmaceutical manufacturing or quality-control operations.","Manufacturer: Teva; Unit of Measure: EA; Weight: 41.49 kg; Industry: Pharmaceuticals; Quality: GMP-aligned supply"
"17","17","en-US","HDPE Pharmaceutical Bottle 100mL by Sun Pharma","HDPE Pharmaceutical Bottle 100mL is a pharmaceutical-grade product intended for use in pharmaceutical packaging. It is supplied by Sun Pharma and is designed to support consistent quality, controlled processing, and reliable pharmaceutical manufacturing or quality-control operations.","Manufacturer: Sun Pharma; Unit of Measure: EA; Weight: 16.4 kg; Industry: Pharmaceuticals; Quality: GMP-aligned supply"
"18","18","en-US","Microbial Growth Medium by Cipla","Microbial Growth Medium is a pharmaceutical-grade product intended for use in laboratory reagents. It is supplied by Cipla and is designed to support consistent quality, controlled processing, and reliable pharmaceutical manufacturing or quality-control operations.","Manufacturer: Cipla; Unit of Measure: EA; Weight: 27.83 kg; Industry: Pharmaceuticals; Quality: GMP-aligned supply"
"19","19","en-US","Hydrogen Peroxide Solution by Dr. Reddy's Laboratories","Hydrogen Peroxide Solution is a pharmaceutical-grade product intended for use in process chemicals. It is supplied by Dr. Reddy's Laboratories and is designed to support consistent quality, controlled processing, and reliable pharmaceutical manufacturing or quality-control operations.","Manufacturer: Dr. Reddy's Laboratories; Unit of Measure: EA; Weight: 30.71 kg; Industry: Pharmaceuticals; Quality: GMP-aligned supply"
"20","20","en-US","Cleanroom Sleeve Covers by Aurobindo Pharma","Cleanroom Sleeve Covers is a pharmaceutical-grade product intended for use in cleanroom consumables. It is supplied by Aurobindo Pharma and is designed to support consistent quality, controlled processing, and reliable pharmaceutical manufacturing or quality-control operations.","Manufacturer: Aurobindo Pharma; Unit of Measure: EA; Weight: 17.2 kg; Industry: Pharmaceuticals; Quality: GMP-aligned supply"
"21","21","en-US","Omeprazole API by Lonza","Omeprazole API is a pharmaceutical-grade product intended for use in active pharmaceutical ingredients. It is supplied by Lonza and is designed to support consistent quality, controlled processing, and reliable pharmaceutical manufacturing or quality-control operations.","Manufacturer: Lonza; Unit of Measure: EA; Weight: 25.51 kg; Industry: Pharmaceuticals; Quality: GMP-aligned supply"
"22","22","en-US","Hydroxypropyl Methylcellulose by Catalent","Hydroxypropyl Methylcellulose is a pharmaceutical-grade product intended for use in pharmaceutical excipients. It is supplied by Catalent and is designed to support consistent quality, controlled processing, and reliable pharmaceutical manufacturing or quality-control operations.","Manufacturer: Catalent; Unit of Measure: EA; Weight: 46.93 kg; Industry: Pharmaceuticals; Quality: GMP-aligned supply"
"23","23","en-US","Pyridine Intermediate by Thermo Fisher Scientific","Pyridine Intermediate is a pharmaceutical-grade product intended for use in pharmaceutical intermediates. It is supplied by Thermo Fisher Scientific and is designed to support consistent quality, controlled processing, and reliable pharmaceutical manufacturing or quality-control operations.","Manufacturer: Thermo Fisher Scientific; Unit of Measure: EA; Weight: 8.21 kg; Industry: Pharmaceuticals; Quality: GMP-aligned supply"
"24","24","en-US","Amlodipine Tablets 5mg by Fresenius Kabi","Amlodipine Tablets 5mg is a pharmaceutical-grade product intended for use in oral solid dosage. It is supplied by Fresenius Kabi and is designed to support consistent quality, controlled processing, and reliable pharmaceutical manufacturing or quality-control operations.","Manufacturer: Fresenius Kabi; Unit of Measure: EA; Weight: 24.9 kg; Industry: Pharmaceuticals; Quality: GMP-aligned supply"
"25","25","en-US","Amikacin Injection 250mg/mL by Sandoz","Amikacin Injection 250mg/mL is a pharmaceutical-grade product intended for use in injectables. It is supplied by Sandoz and is designed to support consistent quality, controlled processing, and reliable pharmaceutical manufacturing or quality-control operations.","Manufacturer: Sandoz; Unit of Measure: EA; Weight: 9.28 kg; Industry: Pharmaceuticals; Quality: GMP-aligned supply"
"26","26","en-US","Cell Preservation Medium by Alkem Laboratories","Cell Preservation Medium is a pharmaceutical-grade product intended for use in biologics & bioprocessing. It is supplied by Alkem Laboratories and is designed to support consistent quality, controlled processing, and reliable pharmaceutical manufacturing or quality-control operations.","Manufacturer: Alkem Laboratories; Unit of Measure: EA; Weight: 3.96 kg; Industry: Pharmaceuticals; Quality: GMP-aligned supply"
"27","27","en-US","Pharmaceutical Label Roll by Lupin","Pharmaceutical Label Roll is a pharmaceutical-grade product intended for use in pharmaceutical packaging. It is supplied by Lupin and is designed to support consistent quality, controlled processing, and reliable pharmaceutical manufacturing or quality-control operations.","Manufacturer: Lupin; Unit of Measure: EA; Weight: 12.83 kg; Industry: Pharmaceuticals; Quality: GMP-aligned supply"
"28","28","en-US","Elemental Impurity Standard by Biocon","Elemental Impurity Standard is a pharmaceutical-grade product intended for use in laboratory reagents. It is supplied by Biocon and is designed to support consistent quality, controlled processing, and reliable pharmaceutical manufacturing or quality-control operations.","Manufacturer: Biocon; Unit of Measure: EA; Weight: 31.93 kg; Industry: Pharmaceuticals; Quality: GMP-aligned supply"
"29","29","en-US","Purified Water by Wockhardt","Purified Water is a pharmaceutical-grade product intended for use in process chemicals. It is supplied by Wockhardt and is designed to support consistent quality, controlled processing, and reliable pharmaceutical manufacturing or quality-control operations.","Manufacturer: Wockhardt; Unit of Measure: EA; Weight: 35.28 kg; Industry: Pharmaceuticals; Quality: GMP-aligned supply"
"30","30","en-US","Disposable Cleanroom Gown by Pfizer","Disposable Cleanroom Gown is a pharmaceutical-grade product intended for use in cleanroom consumables. It is supplied by Pfizer and is designed to support consistent quality, controlled processing, and reliable pharmaceutical manufacturing or quality-control operations.","Manufacturer: Pfizer; Unit of Measure: EA; Weight: 19.81 kg; Industry: Pharmaceuticals; Quality: GMP-aligned supply"
"31","31","en-US","Metformin HCl API by Novartis","Metformin HCl API is a pharmaceutical-grade product intended for use in active pharmaceutical ingredients. It is supplied by Novartis and is designed to support consistent quality, controlled processing, and reliable pharmaceutical manufacturing or quality-control operations.","Manufacturer: Novartis; Unit of Measure: EA; Weight: 29.16 kg; Industry: Pharmaceuticals; Quality: GMP-aligned supply"
"32","32","en-US","Povidone K30 by Sanofi","Povidone K30 is a pharmaceutical-grade product intended for use in pharmaceutical excipients. It is supplied by Sanofi and is designed to support consistent quality, controlled processing, and reliable pharmaceutical manufacturing or quality-control operations.","Manufacturer: Sanofi; Unit of Measure: EA; Weight: 11.16 kg; Industry: Pharmaceuticals; Quality: GMP-aligned supply"
"33","33","en-US","Ethyl Acetoacetate Intermediate by Roche","Ethyl Acetoacetate Intermediate is a pharmaceutical-grade product intended for use in pharmaceutical intermediates. It is supplied by Roche and is designed to support consistent quality, controlled processing, and reliable pharmaceutical manufacturing or quality-control operations.","Manufacturer: Roche; Unit of Measure: EA; Weight: 0.51 kg; Industry: Pharmaceuticals; Quality: GMP-aligned supply"
"34","34","en-US","Atorvastatin Tablets 20mg by Merck","Atorvastatin Tablets 20mg is a pharmaceutical-grade product intended for use in oral solid dosage. It is supplied by Merck and is designed to support consistent quality, controlled processing, and reliable pharmaceutical manufacturing or quality-control operations.","Manufacturer: Merck; Unit of Measure: EA; Weight: 30.5 kg; Industry: Pharmaceuticals; Quality: GMP-aligned supply"
"35","35","en-US","Pantoprazole Injection 40mg by GSK","Pantoprazole Injection 40mg is a pharmaceutical-grade product intended for use in injectables. It is supplied by GSK and is designed to support consistent quality, controlled processing, and reliable pharmaceutical manufacturing or quality-control operations.","Manufacturer: GSK; Unit of Measure: EA; Weight: 44.51 kg; Industry: Pharmaceuticals; Quality: GMP-aligned supply"
"36","36","en-US","Bioreactor Nutrient Solution by AstraZeneca","Bioreactor Nutrient Solution is a pharmaceutical-grade product intended for use in biologics & bioprocessing. It is supplied by AstraZeneca and is designed to support consistent quality, controlled processing, and reliable pharmaceutical manufacturing or quality-control operations.","Manufacturer: AstraZeneca; Unit of Measure: EA; Weight: 32.34 kg; Industry: Pharmaceuticals; Quality: GMP-aligned supply"
"37","37","en-US","Aluminium Seal 20mm by Bayer","Aluminium Seal 20mm is a pharmaceutical-grade product intended for use in pharmaceutical packaging. It is supplied by Bayer and is designed to support consistent quality, controlled processing, and reliable pharmaceutical manufacturing or quality-control operations.","Manufacturer: Bayer; Unit of Measure: EA; Weight: 30.39 kg; Industry: Pharmaceuticals; Quality: GMP-aligned supply"
"38","38","en-US","Chromatography Solvent by AbbVie","Chromatography Solvent is a pharmaceutical-grade product intended for use in laboratory reagents. It is supplied by AbbVie and is designed to support consistent quality, controlled processing, and reliable pharmaceutical manufacturing or quality-control operations.","Manufacturer: AbbVie; Unit of Measure: EA; Weight: 28.02 kg; Industry: Pharmaceuticals; Quality: GMP-aligned supply"
"39","39","en-US","Methanol Process Grade by Eli Lilly","Methanol Process Grade is a pharmaceutical-grade product intended for use in process chemicals. It is supplied by Eli Lilly and is designed to support consistent quality, controlled processing, and reliable pharmaceutical manufacturing or quality-control operations.","Manufacturer: Eli Lilly; Unit of Measure: EA; Weight: 22.78 kg; Industry: Pharmaceuticals; Quality: GMP-aligned supply"
"40","40","en-US","Single-Use Sampling Bottle by Johnson & Johnson","Single-Use Sampling Bottle is a pharmaceutical-grade product intended for use in cleanroom consumables. It is supplied by Johnson & Johnson and is designed to support consistent quality, controlled processing, and reliable pharmaceutical manufacturing or quality-control operations.","Manufacturer: Johnson & Johnson; Unit of Measure: EA; Weight: 29.5 kg; Industry: Pharmaceuticals; Quality: GMP-aligned supply"
"41","41","en-US","Rifampicin API by Boehringer Ingelheim","Rifampicin API is a pharmaceutical-grade product intended for use in active pharmaceutical ingredients. It is supplied by Boehringer Ingelheim and is designed to support consistent quality, controlled processing, and reliable pharmaceutical manufacturing or quality-control operations.","Manufacturer: Boehringer Ingelheim; Unit of Measure: EA; Weight: 16.24 kg; Industry: Pharmaceuticals; Quality: GMP-aligned supply"
"42","42","en-US","Citric Acid Anhydrous by Takeda","Citric Acid Anhydrous is a pharmaceutical-grade product intended for use in pharmaceutical excipients. It is supplied by Takeda and is designed to support consistent quality, controlled processing, and reliable pharmaceutical manufacturing or quality-control operations.","Manufacturer: Takeda; Unit of Measure: EA; Weight: 35.51 kg; Industry: Pharmaceuticals; Quality: GMP-aligned supply"
"43","43","en-US","4-Aminobenzoic Acid Intermediate by Amgen","4-Aminobenzoic Acid Intermediate is a pharmaceutical-grade product intended for use in pharmaceutical intermediates. It is supplied by Amgen and is designed to support consistent quality, controlled processing, and reliable pharmaceutical manufacturing or quality-control operations.","Manufacturer: Amgen; Unit of Measure: EA; Weight: 48.03 kg; Industry: Pharmaceuticals; Quality: GMP-aligned supply"
"44","44","en-US","Ibuprofen Tablets 200mg by Novo Nordisk","Ibuprofen Tablets 200mg is a pharmaceutical-grade product intended for use in oral solid dosage. It is supplied by Novo Nordisk and is designed to support consistent quality, controlled processing, and reliable pharmaceutical manufacturing or quality-control operations.","Manufacturer: Novo Nordisk; Unit of Measure: EA; Weight: 20.89 kg; Industry: Pharmaceuticals; Quality: GMP-aligned supply"
"45","45","en-US","Vancomycin Injection 500mg by Teva","Vancomycin Injection 500mg is a pharmaceutical-grade product intended for use in injectables. It is supplied by Teva and is designed to support consistent quality, controlled processing, and reliable pharmaceutical manufacturing or quality-control operations.","Manufacturer: Teva; Unit of Measure: EA; Weight: 21.31 kg; Industry: Pharmaceuticals; Quality: GMP-aligned supply"
"46","46","en-US","Vaccine Antigen Bulk by Sun Pharma","Vaccine Antigen Bulk is a pharmaceutical-grade product intended for use in biologics & bioprocessing. It is supplied by Sun Pharma and is designed to support consistent quality, controlled processing, and reliable pharmaceutical manufacturing or quality-control operations.","Manufacturer: Sun Pharma; Unit of Measure: EA; Weight: 0.54 kg; Industry: Pharmaceuticals; Quality: GMP-aligned supply"
"47","47","en-US","Aluminium Blister Foil by Cipla","Aluminium Blister Foil is a pharmaceutical-grade product intended for use in pharmaceutical packaging. It is supplied by Cipla and is designed to support consistent quality, controlled processing, and reliable pharmaceutical manufacturing or quality-control operations.","Manufacturer: Cipla; Unit of Measure: EA; Weight: 20.14 kg; Industry: Pharmaceuticals; Quality: GMP-aligned supply"
"48","48","en-US","pH Buffer Solution by Dr. Reddy's Laboratories","pH Buffer Solution is a pharmaceutical-grade product intended for use in laboratory reagents. It is supplied by Dr. Reddy's Laboratories and is designed to support consistent quality, controlled processing, and reliable pharmaceutical manufacturing or quality-control operations.","Manufacturer: Dr. Reddy's Laboratories; Unit of Measure: EA; Weight: 39.39 kg; Industry: Pharmaceuticals; Quality: GMP-aligned supply"
"49","49","en-US","Hydrochloric Acid Solution by Aurobindo Pharma","Hydrochloric Acid Solution is a pharmaceutical-grade product intended for use in process chemicals. It is supplied by Aurobindo Pharma and is designed to support consistent quality, controlled processing, and reliable pharmaceutical manufacturing or quality-control operations.","Manufacturer: Aurobindo Pharma; Unit of Measure: EA; Weight: 25.09 kg; Industry: Pharmaceuticals; Quality: GMP-aligned supply"
"50","50","en-US","Particle-Free Swabs by Lonza","Particle-Free Swabs is a pharmaceutical-grade product intended for use in cleanroom consumables. It is supplied by Lonza and is designed to support consistent quality, controlled processing, and reliable pharmaceutical manufacturing or quality-control operations.","Manufacturer: Lonza; Unit of Measure: EA; Weight: 49.13 kg; Industry: Pharmaceuticals; Quality: GMP-aligned supply"
"51","51","en-US","Losartan Potassium API by Catalent","Losartan Potassium API is a pharmaceutical-grade product intended for use in active pharmaceutical ingredients. It is supplied by Catalent and is designed to support consistent quality, controlled processing, and reliable pharmaceutical manufacturing or quality-control operations.","Manufacturer: Catalent; Unit of Measure: EA; Weight: 6.36 kg; Industry: Pharmaceuticals; Quality: GMP-aligned supply"
"52","52","en-US","Crospovidone by Thermo Fisher Scientific","Crospovidone is a pharmaceutical-grade product intended for use in pharmaceutical excipients. It is supplied by Thermo Fisher Scientific and is designed to support consistent quality, controlled processing, and reliable pharmaceutical manufacturing or quality-control operations.","Manufacturer: Thermo Fisher Scientific; Unit of Measure: EA; Weight: 12.58 kg; Industry: Pharmaceuticals; Quality: GMP-aligned supply"
"53","53","en-US","Aniline Intermediate by Fresenius Kabi","Aniline Intermediate is a pharmaceutical-grade product intended for use in pharmaceutical intermediates. It is supplied by Fresenius Kabi and is designed to support consistent quality, controlled processing, and reliable pharmaceutical manufacturing or quality-control operations.","Manufacturer: Fresenius Kabi; Unit of Measure: EA; Weight: 24.37 kg; Industry: Pharmaceuticals; Quality: GMP-aligned supply"
"54","54","en-US","Diclofenac Tablets 50mg by Sandoz","Diclofenac Tablets 50mg is a pharmaceutical-grade product intended for use in oral solid dosage. It is supplied by Sandoz and is designed to support consistent quality, controlled processing, and reliable pharmaceutical manufacturing or quality-control operations.","Manufacturer: Sandoz; Unit of Measure: EA; Weight: 35.64 kg; Industry: Pharmaceuticals; Quality: GMP-aligned supply"
"55","55","en-US","Metoclopramide Injection 5mg/mL by Alkem Laboratories","Metoclopramide Injection 5mg/mL is a pharmaceutical-grade product intended for use in injectables. It is supplied by Alkem Laboratories and is designed to support consistent quality, controlled processing, and reliable pharmaceutical manufacturing or quality-control operations.","Manufacturer: Alkem Laboratories; Unit of Measure: EA; Weight: 1.93 kg; Industry: Pharmaceuticals; Quality: GMP-aligned supply"
"56","56","en-US","Biologic Drug Substance by Lupin","Biologic Drug Substance is a pharmaceutical-grade product intended for use in biologics & bioprocessing. It is supplied by Lupin and is designed to support consistent quality, controlled processing, and reliable pharmaceutical manufacturing or quality-control operations.","Manufacturer: Lupin; Unit of Measure: EA; Weight: 28.15 kg; Industry: Pharmaceuticals; Quality: GMP-aligned supply"
"57","57","en-US","Type I Glass Vial 10mL by Biocon","Type I Glass Vial 10mL is a pharmaceutical-grade product intended for use in pharmaceutical packaging. It is supplied by Biocon and is designed to support consistent quality, controlled processing, and reliable pharmaceutical manufacturing or quality-control operations.","Manufacturer: Biocon; Unit of Measure: EA; Weight: 21.15 kg; Industry: Pharmaceuticals; Quality: GMP-aligned supply"
"58","58","en-US","HPLC Grade Methanol by Wockhardt","HPLC Grade Methanol is a pharmaceutical-grade product intended for use in laboratory reagents. It is supplied by Wockhardt and is designed to support consistent quality, controlled processing, and reliable pharmaceutical manufacturing or quality-control operations.","Manufacturer: Wockhardt; Unit of Measure: EA; Weight: 8.37 kg; Industry: Pharmaceuticals; Quality: GMP-aligned supply"
"59","59","en-US","Ethanol 96 Percent by Pfizer","Ethanol 96 Percent is a pharmaceutical-grade product intended for use in process chemicals. It is supplied by Pfizer and is designed to support consistent quality, controlled processing, and reliable pharmaceutical manufacturing or quality-control operations.","Manufacturer: Pfizer; Unit of Measure: EA; Weight: 30.62 kg; Industry: Pharmaceuticals; Quality: GMP-aligned supply"
"60","60","en-US","Cleanroom Face Mask by Novartis","Cleanroom Face Mask is a pharmaceutical-grade product intended for use in cleanroom consumables. It is supplied by Novartis and is designed to support consistent quality, controlled processing, and reliable pharmaceutical manufacturing or quality-control operations.","Manufacturer: Novartis; Unit of Measure: EA; Weight: 29.28 kg; Industry: Pharmaceuticals; Quality: GMP-aligned supply"
"61","61","en-US","Azithromycin API by Sanofi","Azithromycin API is a pharmaceutical-grade product intended for use in active pharmaceutical ingredients. It is supplied by Sanofi and is designed to support consistent quality, controlled processing, and reliable pharmaceutical manufacturing or quality-control operations.","Manufacturer: Sanofi; Unit of Measure: EA; Weight: 38.97 kg; Industry: Pharmaceuticals; Quality: GMP-aligned supply"
"62","62","en-US","Colloidal Silicon Dioxide by Roche","Colloidal Silicon Dioxide is a pharmaceutical-grade product intended for use in pharmaceutical excipients. It is supplied by Roche and is designed to support consistent quality, controlled processing, and reliable pharmaceutical manufacturing or quality-control operations.","Manufacturer: Roche; Unit of Measure: EA; Weight: 38.87 kg; Industry: Pharmaceuticals; Quality: GMP-aligned supply"
"63","63","en-US","Propyl Paraben Intermediate by Merck","Propyl Paraben Intermediate is a pharmaceutical-grade product intended for use in pharmaceutical intermediates. It is supplied by Merck and is designed to support consistent quality, controlled processing, and reliable pharmaceutical manufacturing or quality-control operations.","Manufacturer: Merck; Unit of Measure: EA; Weight: 23.19 kg; Industry: Pharmaceuticals; Quality: GMP-aligned supply"
"64","64","en-US","Pantoprazole Tablets 40mg by GSK","Pantoprazole Tablets 40mg is a pharmaceutical-grade product intended for use in oral solid dosage. It is supplied by GSK and is designed to support consistent quality, controlled processing, and reliable pharmaceutical manufacturing or quality-control operations.","Manufacturer: GSK; Unit of Measure: EA; Weight: 43.03 kg; Industry: Pharmaceuticals; Quality: GMP-aligned supply"
"65","65","en-US","Furosemide Injection 10mg/mL by AstraZeneca","Furosemide Injection 10mg/mL is a pharmaceutical-grade product intended for use in injectables. It is supplied by AstraZeneca and is designed to support consistent quality, controlled processing, and reliable pharmaceutical manufacturing or quality-control operations.","Manufacturer: AstraZeneca; Unit of Measure: EA; Weight: 18.25 kg; Industry: Pharmaceuticals; Quality: GMP-aligned supply"
"66","66","en-US","Chromatography Resin by Bayer","Chromatography Resin is a pharmaceutical-grade product intended for use in biologics & bioprocessing. It is supplied by Bayer and is designed to support consistent quality, controlled processing, and reliable pharmaceutical manufacturing or quality-control operations.","Manufacturer: Bayer; Unit of Measure: EA; Weight: 15.97 kg; Industry: Pharmaceuticals; Quality: GMP-aligned supply"
"67","67","en-US","Tamper Evident Cap 38mm by AbbVie","Tamper Evident Cap 38mm is a pharmaceutical-grade product intended for use in pharmaceutical packaging. It is supplied by AbbVie and is designed to support consistent quality, controlled processing, and reliable pharmaceutical manufacturing or quality-control operations.","Manufacturer: AbbVie; Unit of Measure: EA; Weight: 18.47 kg; Industry: Pharmaceuticals; Quality: GMP-aligned supply"
"68","68","en-US","Sterility Test Medium by Eli Lilly","Sterility Test Medium is a pharmaceutical-grade product intended for use in laboratory reagents. It is supplied by Eli Lilly and is designed to support consistent quality, controlled processing, and reliable pharmaceutical manufacturing or quality-control operations.","Manufacturer: Eli Lilly; Unit of Measure: EA; Weight: 49.63 kg; Industry: Pharmaceuticals; Quality: GMP-aligned supply"
"69","69","en-US","Sodium Hypochlorite Solution by Johnson & Johnson","Sodium Hypochlorite Solution is a pharmaceutical-grade product intended for use in process chemicals. It is supplied by Johnson & Johnson and is designed to support consistent quality, controlled processing, and reliable pharmaceutical manufacturing or quality-control operations.","Manufacturer: Johnson & Johnson; Unit of Measure: EA; Weight: 25.8 kg; Industry: Pharmaceuticals; Quality: GMP-aligned supply"
"70","70","en-US","Sterile Protective Goggles by Boehringer Ingelheim","Sterile Protective Goggles is a pharmaceutical-grade product intended for use in cleanroom consumables. It is supplied by Boehringer Ingelheim and is designed to support consistent quality, controlled processing, and reliable pharmaceutical manufacturing or quality-control operations.","Manufacturer: Boehringer Ingelheim; Unit of Measure: EA; Weight: 34.86 kg; Industry: Pharmaceuticals; Quality: GMP-aligned supply"
"71","71","en-US","Paracetamol API by Takeda","Paracetamol API is a pharmaceutical-grade product intended for use in active pharmaceutical ingredients. It is supplied by Takeda and is designed to support consistent quality, controlled processing, and reliable pharmaceutical manufacturing or quality-control operations.","Manufacturer: Takeda; Unit of Measure: EA; Weight: 26.19 kg; Industry: Pharmaceuticals; Quality: GMP-aligned supply"
"72","72","en-US","Lactose Monohydrate by Amgen","Lactose Monohydrate is a pharmaceutical-grade product intended for use in pharmaceutical excipients. It is supplied by Amgen and is designed to support consistent quality, controlled processing, and reliable pharmaceutical manufacturing or quality-control operations.","Manufacturer: Amgen; Unit of Measure: EA; Weight: 7.29 kg; Industry: Pharmaceuticals; Quality: GMP-aligned supply"
"73","73","en-US","Benzyl Alcohol Intermediate by Novo Nordisk","Benzyl Alcohol Intermediate is a pharmaceutical-grade product intended for use in pharmaceutical intermediates. It is supplied by Novo Nordisk and is designed to support consistent quality, controlled processing, and reliable pharmaceutical manufacturing or quality-control operations.","Manufacturer: Novo Nordisk; Unit of Measure: EA; Weight: 2.26 kg; Industry: Pharmaceuticals; Quality: GMP-aligned supply"
"74","74","en-US","Amoxicillin Capsules 500mg by Teva","Amoxicillin Capsules 500mg is a pharmaceutical-grade product intended for use in oral solid dosage. It is supplied by Teva and is designed to support consistent quality, controlled processing, and reliable pharmaceutical manufacturing or quality-control operations.","Manufacturer: Teva; Unit of Measure: EA; Weight: 28.98 kg; Industry: Pharmaceuticals; Quality: GMP-aligned supply"
"75","75","en-US","Insulin Injection 100 IU/mL by Sun Pharma","Insulin Injection 100 IU/mL is a pharmaceutical-grade product intended for use in injectables. It is supplied by Sun Pharma and is designed to support consistent quality, controlled processing, and reliable pharmaceutical manufacturing or quality-control operations.","Manufacturer: Sun Pharma; Unit of Measure: EA; Weight: 2.6 kg; Industry: Pharmaceuticals; Quality: GMP-aligned supply"
"76","76","en-US","Protein Purification Resin by Cipla","Protein Purification Resin is a pharmaceutical-grade product intended for use in biologics & bioprocessing. It is supplied by Cipla and is designed to support consistent quality, controlled processing, and reliable pharmaceutical manufacturing or quality-control operations.","Manufacturer: Cipla; Unit of Measure: EA; Weight: 4.37 kg; Industry: Pharmaceuticals; Quality: GMP-aligned supply"
"77","77","en-US","Rubber Stopper 20mm by Dr. Reddy's Laboratories","Rubber Stopper 20mm is a pharmaceutical-grade product intended for use in pharmaceutical packaging. It is supplied by Dr. Reddy's Laboratories and is designed to support consistent quality, controlled processing, and reliable pharmaceutical manufacturing or quality-control operations.","Manufacturer: Dr. Reddy's Laboratories; Unit of Measure: EA; Weight: 11.56 kg; Industry: Pharmaceuticals; Quality: GMP-aligned supply"
"78","78","en-US","Karl Fischer Reagent by Aurobindo Pharma","Karl Fischer Reagent is a pharmaceutical-grade product intended for use in laboratory reagents. It is supplied by Aurobindo Pharma and is designed to support consistent quality, controlled processing, and reliable pharmaceutical manufacturing or quality-control operations.","Manufacturer: Aurobindo Pharma; Unit of Measure: EA; Weight: 13.03 kg; Industry: Pharmaceuticals; Quality: GMP-aligned supply"
"79","79","en-US","Citric Acid Cleaning Solution by Lonza","Citric Acid Cleaning Solution is a pharmaceutical-grade product intended for use in process chemicals. It is supplied by Lonza and is designed to support consistent quality, controlled processing, and reliable pharmaceutical manufacturing or quality-control operations.","Manufacturer: Lonza; Unit of Measure: EA; Weight: 20.07 kg; Industry: Pharmaceuticals; Quality: GMP-aligned supply"
"80","80","en-US","Cleanroom Sticky Mats by Catalent","Cleanroom Sticky Mats is a pharmaceutical-grade product intended for use in cleanroom consumables. It is supplied by Catalent and is designed to support consistent quality, controlled processing, and reliable pharmaceutical manufacturing or quality-control operations.","Manufacturer: Catalent; Unit of Measure: EA; Weight: 14.46 kg; Industry: Pharmaceuticals; Quality: GMP-aligned supply"
"81","81","en-US","Cetirizine HCl API by Thermo Fisher Scientific","Cetirizine HCl API is a pharmaceutical-grade product intended for use in active pharmaceutical ingredients. It is supplied by Thermo Fisher Scientific and is designed to support consistent quality, controlled processing, and reliable pharmaceutical manufacturing or quality-control operations.","Manufacturer: Thermo Fisher Scientific; Unit of Measure: EA; Weight: 28.62 kg; Industry: Pharmaceuticals; Quality: GMP-aligned supply"
"82","82","en-US","Pregelatinized Starch by Fresenius Kabi","Pregelatinized Starch is a pharmaceutical-grade product intended for use in pharmaceutical excipients. It is supplied by Fresenius Kabi and is designed to support consistent quality, controlled processing, and reliable pharmaceutical manufacturing or quality-control operations.","Manufacturer: Fresenius Kabi; Unit of Measure: EA; Weight: 2.27 kg; Industry: Pharmaceuticals; Quality: GMP-aligned supply"
"83","83","en-US","Nitrobenzene Intermediate by Sandoz","Nitrobenzene Intermediate is a pharmaceutical-grade product intended for use in pharmaceutical intermediates. It is supplied by Sandoz and is designed to support consistent quality, controlled processing, and reliable pharmaceutical manufacturing or quality-control operations.","Manufacturer: Sandoz; Unit of Measure: EA; Weight: 12.65 kg; Industry: Pharmaceuticals; Quality: GMP-aligned supply"
"84","84","en-US","Fluconazole Capsules 150mg by Alkem Laboratories","Fluconazole Capsules 150mg is a pharmaceutical-grade product intended for use in oral solid dosage. It is supplied by Alkem Laboratories and is designed to support consistent quality, controlled processing, and reliable pharmaceutical manufacturing or quality-control operations.","Manufacturer: Alkem Laboratories; Unit of Measure: EA; Weight: 10.98 kg; Industry: Pharmaceuticals; Quality: GMP-aligned supply"
"85","85","en-US","Paracetamol Injection 10mg/mL by Lupin","Paracetamol Injection 10mg/mL is a pharmaceutical-grade product intended for use in injectables. It is supplied by Lupin and is designed to support consistent quality, controlled processing, and reliable pharmaceutical manufacturing or quality-control operations.","Manufacturer: Lupin; Unit of Measure: EA; Weight: 47.46 kg; Industry: Pharmaceuticals; Quality: GMP-aligned supply"
"86","86","en-US","Recombinant Insulin Bulk by Biocon","Recombinant Insulin Bulk is a pharmaceutical-grade product intended for use in biologics & bioprocessing. It is supplied by Biocon and is designed to support consistent quality, controlled processing, and reliable pharmaceutical manufacturing or quality-control operations.","Manufacturer: Biocon; Unit of Measure: EA; Weight: 4.93 kg; Industry: Pharmaceuticals; Quality: GMP-aligned supply"
"87","87","en-US","HDPE Pharmaceutical Bottle 100mL by Wockhardt","HDPE Pharmaceutical Bottle 100mL is a pharmaceutical-grade product intended for use in pharmaceutical packaging. It is supplied by Wockhardt and is designed to support consistent quality, controlled processing, and reliable pharmaceutical manufacturing or quality-control operations.","Manufacturer: Wockhardt; Unit of Measure: EA; Weight: 47.21 kg; Industry: Pharmaceuticals; Quality: GMP-aligned supply"
"88","88","en-US","Microbial Growth Medium by Pfizer","Microbial Growth Medium is a pharmaceutical-grade product intended for use in laboratory reagents. It is supplied by Pfizer and is designed to support consistent quality, controlled processing, and reliable pharmaceutical manufacturing or quality-control operations.","Manufacturer: Pfizer; Unit of Measure: EA; Weight: 43.37 kg; Industry: Pharmaceuticals; Quality: GMP-aligned supply"
"89","89","en-US","Hydrogen Peroxide Solution by Novartis","Hydrogen Peroxide Solution is a pharmaceutical-grade product intended for use in process chemicals. It is supplied by Novartis and is designed to support consistent quality, controlled processing, and reliable pharmaceutical manufacturing or quality-control operations.","Manufacturer: Novartis; Unit of Measure: EA; Weight: 24.81 kg; Industry: Pharmaceuticals; Quality: GMP-aligned supply"
"90","90","en-US","Cleanroom Sleeve Covers by Sanofi","Cleanroom Sleeve Covers is a pharmaceutical-grade product intended for use in cleanroom consumables. It is supplied by Sanofi and is designed to support consistent quality, controlled processing, and reliable pharmaceutical manufacturing or quality-control operations.","Manufacturer: Sanofi; Unit of Measure: EA; Weight: 38.95 kg; Industry: Pharmaceuticals; Quality: GMP-aligned supply"
"91","91","en-US","Omeprazole API by Roche","Omeprazole API is a pharmaceutical-grade product intended for use in active pharmaceutical ingredients. It is supplied by Roche and is designed to support consistent quality, controlled processing, and reliable pharmaceutical manufacturing or quality-control operations.","Manufacturer: Roche; Unit of Measure: EA; Weight: 13.34 kg; Industry: Pharmaceuticals; Quality: GMP-aligned supply"
"92","92","en-US","Hydroxypropyl Methylcellulose by Merck","Hydroxypropyl Methylcellulose is a pharmaceutical-grade product intended for use in pharmaceutical excipients. It is supplied by Merck and is designed to support consistent quality, controlled processing, and reliable pharmaceutical manufacturing or quality-control operations.","Manufacturer: Merck; Unit of Measure: EA; Weight: 0.71 kg; Industry: Pharmaceuticals; Quality: GMP-aligned supply"
"93","93","en-US","Pyridine Intermediate by GSK","Pyridine Intermediate is a pharmaceutical-grade product intended for use in pharmaceutical intermediates. It is supplied by GSK and is designed to support consistent quality, controlled processing, and reliable pharmaceutical manufacturing or quality-control operations.","Manufacturer: GSK; Unit of Measure: EA; Weight: 34.69 kg; Industry: Pharmaceuticals; Quality: GMP-aligned supply"
"94","94","en-US","Amlodipine Tablets 5mg by AstraZeneca","Amlodipine Tablets 5mg is a pharmaceutical-grade product intended for use in oral solid dosage. It is supplied by AstraZeneca and is designed to support consistent quality, controlled processing, and reliable pharmaceutical manufacturing or quality-control operations.","Manufacturer: AstraZeneca; Unit of Measure: EA; Weight: 3.27 kg; Industry: Pharmaceuticals; Quality: GMP-aligned supply"
"95","95","en-US","Amikacin Injection 250mg/mL by Bayer","Amikacin Injection 250mg/mL is a pharmaceutical-grade product intended for use in injectables. It is supplied by Bayer and is designed to support consistent quality, controlled processing, and reliable pharmaceutical manufacturing or quality-control operations.","Manufacturer: Bayer; Unit of Measure: EA; Weight: 0.04 kg; Industry: Pharmaceuticals; Quality: GMP-aligned supply"
"96","96","en-US","Cell Preservation Medium by AbbVie","Cell Preservation Medium is a pharmaceutical-grade product intended for use in biologics & bioprocessing. It is supplied by AbbVie and is designed to support consistent quality, controlled processing, and reliable pharmaceutical manufacturing or quality-control operations.","Manufacturer: AbbVie; Unit of Measure: EA; Weight: 26.87 kg; Industry: Pharmaceuticals; Quality: GMP-aligned supply"
"97","97","en-US","Pharmaceutical Label Roll by Eli Lilly","Pharmaceutical Label Roll is a pharmaceutical-grade product intended for use in pharmaceutical packaging. It is supplied by Eli Lilly and is designed to support consistent quality, controlled processing, and reliable pharmaceutical manufacturing or quality-control operations.","Manufacturer: Eli Lilly; Unit of Measure: EA; Weight: 6.07 kg; Industry: Pharmaceuticals; Quality: GMP-aligned supply"
"98","98","en-US","Elemental Impurity Standard by Johnson & Johnson","Elemental Impurity Standard is a pharmaceutical-grade product intended for use in laboratory reagents. It is supplied by Johnson & Johnson and is designed to support consistent quality, controlled processing, and reliable pharmaceutical manufacturing or quality-control operations.","Manufacturer: Johnson & Johnson; Unit of Measure: EA; Weight: 38.62 kg; Industry: Pharmaceuticals; Quality: GMP-aligned supply"
"99","99","en-US","Purified Water by Boehringer Ingelheim","Purified Water is a pharmaceutical-grade product intended for use in process chemicals. It is supplied by Boehringer Ingelheim and is designed to support consistent quality, controlled processing, and reliable pharmaceutical manufacturing or quality-control operations.","Manufacturer: Boehringer Ingelheim; Unit of Measure: EA; Weight: 34.01 kg; Industry: Pharmaceuticals; Quality: GMP-aligned supply"
"100","100","en-US","Disposable Cleanroom Gown by Takeda","Disposable Cleanroom Gown is a pharmaceutical-grade product intended for use in cleanroom consumables. It is supplied by Takeda and is designed to support consistent quality, controlled processing, and reliable pharmaceutical manufacturing or quality-control operations.","Manufacturer: Takeda; Unit of Measure: EA; Weight: 0.18 kg; Industry: Pharmaceuticals; Quality: GMP-aligned supply"
"101","101","en-US","Metformin HCl API by Amgen","Metformin HCl API is a pharmaceutical-grade product intended for use in active pharmaceutical ingredients. It is supplied by Amgen and is designed to support consistent quality, controlled processing, and reliable pharmaceutical manufacturing or quality-control operations.","Manufacturer: Amgen; Unit of Measure: EA; Weight: 49.4 kg; Industry: Pharmaceuticals; Quality: GMP-aligned supply"
"102","102","en-US","Povidone K30 by Novo Nordisk","Povidone K30 is a pharmaceutical-grade product intended for use in pharmaceutical excipients. It is supplied by Novo Nordisk and is designed to support consistent quality, controlled processing, and reliable pharmaceutical manufacturing or quality-control operations.","Manufacturer: Novo Nordisk; Unit of Measure: EA; Weight: 46.11 kg; Industry: Pharmaceuticals; Quality: GMP-aligned supply"
"103","103","en-US","Ethyl Acetoacetate Intermediate by Teva","Ethyl Acetoacetate Intermediate is a pharmaceutical-grade product intended for use in pharmaceutical intermediates. It is supplied by Teva and is designed to support consistent quality, controlled processing, and reliable pharmaceutical manufacturing or quality-control operations.","Manufacturer: Teva; Unit of Measure: EA; Weight: 31.59 kg; Industry: Pharmaceuticals; Quality: GMP-aligned supply"
"104","104","en-US","Atorvastatin Tablets 20mg by Sun Pharma","Atorvastatin Tablets 20mg is a pharmaceutical-grade product intended for use in oral solid dosage. It is supplied by Sun Pharma and is designed to support consistent quality, controlled processing, and reliable pharmaceutical manufacturing or quality-control operations.","Manufacturer: Sun Pharma; Unit of Measure: EA; Weight: 31.87 kg; Industry: Pharmaceuticals; Quality: GMP-aligned supply"
"105","105","en-US","Pantoprazole Injection 40mg by Cipla","Pantoprazole Injection 40mg is a pharmaceutical-grade product intended for use in injectables. It is supplied by Cipla and is designed to support consistent quality, controlled processing, and reliable pharmaceutical manufacturing or quality-control operations.","Manufacturer: Cipla; Unit of Measure: EA; Weight: 14.23 kg; Industry: Pharmaceuticals; Quality: GMP-aligned supply"
"106","106","en-US","Bioreactor Nutrient Solution by Dr. Reddy's Laboratories","Bioreactor Nutrient Solution is a pharmaceutical-grade product intended for use in biologics & bioprocessing. It is supplied by Dr. Reddy's Laboratories and is designed to support consistent quality, controlled processing, and reliable pharmaceutical manufacturing or quality-control operations.","Manufacturer: Dr. Reddy's Laboratories; Unit of Measure: EA; Weight: 41.93 kg; Industry: Pharmaceuticals; Quality: GMP-aligned supply"
"107","107","en-US","Aluminium Seal 20mm by Aurobindo Pharma","Aluminium Seal 20mm is a pharmaceutical-grade product intended for use in pharmaceutical packaging. It is supplied by Aurobindo Pharma and is designed to support consistent quality, controlled processing, and reliable pharmaceutical manufacturing or quality-control operations.","Manufacturer: Aurobindo Pharma; Unit of Measure: EA; Weight: 38.39 kg; Industry: Pharmaceuticals; Quality: GMP-aligned supply"
"108","108","en-US","Chromatography Solvent by Lonza","Chromatography Solvent is a pharmaceutical-grade product intended for use in laboratory reagents. It is supplied by Lonza and is designed to support consistent quality, controlled processing, and reliable pharmaceutical manufacturing or quality-control operations.","Manufacturer: Lonza; Unit of Measure: EA; Weight: 29.15 kg; Industry: Pharmaceuticals; Quality: GMP-aligned supply"
"109","109","en-US","Methanol Process Grade by Catalent","Methanol Process Grade is a pharmaceutical-grade product intended for use in process chemicals. It is supplied by Catalent and is designed to support consistent quality, controlled processing, and reliable pharmaceutical manufacturing or quality-control operations.","Manufacturer: Catalent; Unit of Measure: EA; Weight: 7.9 kg; Industry: Pharmaceuticals; Quality: GMP-aligned supply"
"110","110","en-US","Single-Use Sampling Bottle by Thermo Fisher Scientific","Single-Use Sampling Bottle is a pharmaceutical-grade product intended for use in cleanroom consumables. It is supplied by Thermo Fisher Scientific and is designed to support consistent quality, controlled processing, and reliable pharmaceutical manufacturing or quality-control operations.","Manufacturer: Thermo Fisher Scientific; Unit of Measure: EA; Weight: 17.35 kg; Industry: Pharmaceuticals; Quality: GMP-aligned supply"
"111","111","en-US","Rifampicin API by Fresenius Kabi","Rifampicin API is a pharmaceutical-grade product intended for use in active pharmaceutical ingredients. It is supplied by Fresenius Kabi and is designed to support consistent quality, controlled processing, and reliable pharmaceutical manufacturing or quality-control operations.","Manufacturer: Fresenius Kabi; Unit of Measure: EA; Weight: 28.4 kg; Industry: Pharmaceuticals; Quality: GMP-aligned supply"
"112","112","en-US","Citric Acid Anhydrous by Sandoz","Citric Acid Anhydrous is a pharmaceutical-grade product intended for use in pharmaceutical excipients. It is supplied by Sandoz and is designed to support consistent quality, controlled processing, and reliable pharmaceutical manufacturing or quality-control operations.","Manufacturer: Sandoz; Unit of Measure: EA; Weight: 31.85 kg; Industry: Pharmaceuticals; Quality: GMP-aligned supply"
"113","113","en-US","4-Aminobenzoic Acid Intermediate by Alkem Laboratories","4-Aminobenzoic Acid Intermediate is a pharmaceutical-grade product intended for use in pharmaceutical intermediates. It is supplied by Alkem Laboratories and is designed to support consistent quality, controlled processing, and reliable pharmaceutical manufacturing or quality-control operations.","Manufacturer: Alkem Laboratories; Unit of Measure: EA; Weight: 26.47 kg; Industry: Pharmaceuticals; Quality: GMP-aligned supply"
"114","114","en-US","Ibuprofen Tablets 200mg by Lupin","Ibuprofen Tablets 200mg is a pharmaceutical-grade product intended for use in oral solid dosage. It is supplied by Lupin and is designed to support consistent quality, controlled processing, and reliable pharmaceutical manufacturing or quality-control operations.","Manufacturer: Lupin; Unit of Measure: EA; Weight: 0.79 kg; Industry: Pharmaceuticals; Quality: GMP-aligned supply"
"115","115","en-US","Vancomycin Injection 500mg by Biocon","Vancomycin Injection 500mg is a pharmaceutical-grade product intended for use in injectables. It is supplied by Biocon and is designed to support consistent quality, controlled processing, and reliable pharmaceutical manufacturing or quality-control operations.","Manufacturer: Biocon; Unit of Measure: EA; Weight: 20.87 kg; Industry: Pharmaceuticals; Quality: GMP-aligned supply"
"116","116","en-US","Vaccine Antigen Bulk by Wockhardt","Vaccine Antigen Bulk is a pharmaceutical-grade product intended for use in biologics & bioprocessing. It is supplied by Wockhardt and is designed to support consistent quality, controlled processing, and reliable pharmaceutical manufacturing or quality-control operations.","Manufacturer: Wockhardt; Unit of Measure: EA; Weight: 27.63 kg; Industry: Pharmaceuticals; Quality: GMP-aligned supply"
"117","117","en-US","Aluminium Blister Foil by Pfizer","Aluminium Blister Foil is a pharmaceutical-grade product intended for use in pharmaceutical packaging. It is supplied by Pfizer and is designed to support consistent quality, controlled processing, and reliable pharmaceutical manufacturing or quality-control operations.","Manufacturer: Pfizer; Unit of Measure: EA; Weight: 41.4 kg; Industry: Pharmaceuticals; Quality: GMP-aligned supply"
"118","118","en-US","pH Buffer Solution by Novartis","pH Buffer Solution is a pharmaceutical-grade product intended for use in laboratory reagents. It is supplied by Novartis and is designed to support consistent quality, controlled processing, and reliable pharmaceutical manufacturing or quality-control operations.","Manufacturer: Novartis; Unit of Measure: EA; Weight: 10.34 kg; Industry: Pharmaceuticals; Quality: GMP-aligned supply"
"119","119","en-US","Hydrochloric Acid Solution by Sanofi","Hydrochloric Acid Solution is a pharmaceutical-grade product intended for use in process chemicals. It is supplied by Sanofi and is designed to support consistent quality, controlled processing, and reliable pharmaceutical manufacturing or quality-control operations.","Manufacturer: Sanofi; Unit of Measure: EA; Weight: 49.76 kg; Industry: Pharmaceuticals; Quality: GMP-aligned supply"
"120","120","en-US","Particle-Free Swabs by Roche","Particle-Free Swabs is a pharmaceutical-grade product intended for use in cleanroom consumables. It is supplied by Roche and is designed to support consistent quality, controlled processing, and reliable pharmaceutical manufacturing or quality-control operations.","Manufacturer: Roche; Unit of Measure: EA; Weight: 5.86 kg; Industry: Pharmaceuticals; Quality: GMP-aligned supply"
"121","121","en-US","Losartan Potassium API by Merck","Losartan Potassium API is a pharmaceutical-grade product intended for use in active pharmaceutical ingredients. It is supplied by Merck and is designed to support consistent quality, controlled processing, and reliable pharmaceutical manufacturing or quality-control operations.","Manufacturer: Merck; Unit of Measure: EA; Weight: 30.68 kg; Industry: Pharmaceuticals; Quality: GMP-aligned supply"
"122","122","en-US","Crospovidone by GSK","Crospovidone is a pharmaceutical-grade product intended for use in pharmaceutical excipients. It is supplied by GSK and is designed to support consistent quality, controlled processing, and reliable pharmaceutical manufacturing or quality-control operations.","Manufacturer: GSK; Unit of Measure: EA; Weight: 24.63 kg; Industry: Pharmaceuticals; Quality: GMP-aligned supply"
"123","123","en-US","Aniline Intermediate by AstraZeneca","Aniline Intermediate is a pharmaceutical-grade product intended for use in pharmaceutical intermediates. It is supplied by AstraZeneca and is designed to support consistent quality, controlled processing, and reliable pharmaceutical manufacturing or quality-control operations.","Manufacturer: AstraZeneca; Unit of Measure: EA; Weight: 26.07 kg; Industry: Pharmaceuticals; Quality: GMP-aligned supply"
"124","124","en-US","Diclofenac Tablets 50mg by Bayer","Diclofenac Tablets 50mg is a pharmaceutical-grade product intended for use in oral solid dosage. It is supplied by Bayer and is designed to support consistent quality, controlled processing, and reliable pharmaceutical manufacturing or quality-control operations.","Manufacturer: Bayer; Unit of Measure: EA; Weight: 10.43 kg; Industry: Pharmaceuticals; Quality: GMP-aligned supply"
"125","125","en-US","Metoclopramide Injection 5mg/mL by AbbVie","Metoclopramide Injection 5mg/mL is a pharmaceutical-grade product intended for use in injectables. It is supplied by AbbVie and is designed to support consistent quality, controlled processing, and reliable pharmaceutical manufacturing or quality-control operations.","Manufacturer: AbbVie; Unit of Measure: EA; Weight: 2.01 kg; Industry: Pharmaceuticals; Quality: GMP-aligned supply"
"126","126","en-US","Biologic Drug Substance by Eli Lilly","Biologic Drug Substance is a pharmaceutical-grade product intended for use in biologics & bioprocessing. It is supplied by Eli Lilly and is designed to support consistent quality, controlled processing, and reliable pharmaceutical manufacturing or quality-control operations.","Manufacturer: Eli Lilly; Unit of Measure: EA; Weight: 17.93 kg; Industry: Pharmaceuticals; Quality: GMP-aligned supply"
"127","127","en-US","Type I Glass Vial 10mL by Johnson & Johnson","Type I Glass Vial 10mL is a pharmaceutical-grade product intended for use in pharmaceutical packaging. It is supplied by Johnson & Johnson and is designed to support consistent quality, controlled processing, and reliable pharmaceutical manufacturing or quality-control operations.","Manufacturer: Johnson & Johnson; Unit of Measure: EA; Weight: 29.46 kg; Industry: Pharmaceuticals; Quality: GMP-aligned supply"
"128","128","en-US","HPLC Grade Methanol by Boehringer Ingelheim","HPLC Grade Methanol is a pharmaceutical-grade product intended for use in laboratory reagents. It is supplied by Boehringer Ingelheim and is designed to support consistent quality, controlled processing, and reliable pharmaceutical manufacturing or quality-control operations.","Manufacturer: Boehringer Ingelheim; Unit of Measure: EA; Weight: 12.34 kg; Industry: Pharmaceuticals; Quality: GMP-aligned supply"
"129","129","en-US","Ethanol 96 Percent by Takeda","Ethanol 96 Percent is a pharmaceutical-grade product intended for use in process chemicals. It is supplied by Takeda and is designed to support consistent quality, controlled processing, and reliable pharmaceutical manufacturing or quality-control operations.","Manufacturer: Takeda; Unit of Measure: EA; Weight: 37.75 kg; Industry: Pharmaceuticals; Quality: GMP-aligned supply"
"130","130","en-US","Cleanroom Face Mask by Amgen","Cleanroom Face Mask is a pharmaceutical-grade product intended for use in cleanroom consumables. It is supplied by Amgen and is designed to support consistent quality, controlled processing, and reliable pharmaceutical manufacturing or quality-control operations.","Manufacturer: Amgen; Unit of Measure: EA; Weight: 37.49 kg; Industry: Pharmaceuticals; Quality: GMP-aligned supply"
"131","131","en-US","Azithromycin API by Novo Nordisk","Azithromycin API is a pharmaceutical-grade product intended for use in active pharmaceutical ingredients. It is supplied by Novo Nordisk and is designed to support consistent quality, controlled processing, and reliable pharmaceutical manufacturing or quality-control operations.","Manufacturer: Novo Nordisk; Unit of Measure: EA; Weight: 10.33 kg; Industry: Pharmaceuticals; Quality: GMP-aligned supply"
"132","132","en-US","Colloidal Silicon Dioxide by Teva","Colloidal Silicon Dioxide is a pharmaceutical-grade product intended for use in pharmaceutical excipients. It is supplied by Teva and is designed to support consistent quality, controlled processing, and reliable pharmaceutical manufacturing or quality-control operations.","Manufacturer: Teva; Unit of Measure: EA; Weight: 21.41 kg; Industry: Pharmaceuticals; Quality: GMP-aligned supply"
"133","133","en-US","Propyl Paraben Intermediate by Sun Pharma","Propyl Paraben Intermediate is a pharmaceutical-grade product intended for use in pharmaceutical intermediates. It is supplied by Sun Pharma and is designed to support consistent quality, controlled processing, and reliable pharmaceutical manufacturing or quality-control operations.","Manufacturer: Sun Pharma; Unit of Measure: EA; Weight: 41.52 kg; Industry: Pharmaceuticals; Quality: GMP-aligned supply"
"134","134","en-US","Pantoprazole Tablets 40mg by Cipla","Pantoprazole Tablets 40mg is a pharmaceutical-grade product intended for use in oral solid dosage. It is supplied by Cipla and is designed to support consistent quality, controlled processing, and reliable pharmaceutical manufacturing or quality-control operations.","Manufacturer: Cipla; Unit of Measure: EA; Weight: 40.45 kg; Industry: Pharmaceuticals; Quality: GMP-aligned supply"
"135","135","en-US","Furosemide Injection 10mg/mL by Dr. Reddy's Laboratories","Furosemide Injection 10mg/mL is a pharmaceutical-grade product intended for use in injectables. It is supplied by Dr. Reddy's Laboratories and is designed to support consistent quality, controlled processing, and reliable pharmaceutical manufacturing or quality-control operations.","Manufacturer: Dr. Reddy's Laboratories; Unit of Measure: EA; Weight: 34 kg; Industry: Pharmaceuticals; Quality: GMP-aligned supply"
"136","136","en-US","Chromatography Resin by Aurobindo Pharma","Chromatography Resin is a pharmaceutical-grade product intended for use in biologics & bioprocessing. It is supplied by Aurobindo Pharma and is designed to support consistent quality, controlled processing, and reliable pharmaceutical manufacturing or quality-control operations.","Manufacturer: Aurobindo Pharma; Unit of Measure: EA; Weight: 42.78 kg; Industry: Pharmaceuticals; Quality: GMP-aligned supply"
"137","137","en-US","Tamper Evident Cap 38mm by Lonza","Tamper Evident Cap 38mm is a pharmaceutical-grade product intended for use in pharmaceutical packaging. It is supplied by Lonza and is designed to support consistent quality, controlled processing, and reliable pharmaceutical manufacturing or quality-control operations.","Manufacturer: Lonza; Unit of Measure: EA; Weight: 39.79 kg; Industry: Pharmaceuticals; Quality: GMP-aligned supply"
"138","138","en-US","Sterility Test Medium by Catalent","Sterility Test Medium is a pharmaceutical-grade product intended for use in laboratory reagents. It is supplied by Catalent and is designed to support consistent quality, controlled processing, and reliable pharmaceutical manufacturing or quality-control operations.","Manufacturer: Catalent; Unit of Measure: EA; Weight: 41.99 kg; Industry: Pharmaceuticals; Quality: GMP-aligned supply"
"139","139","en-US","Sodium Hypochlorite Solution by Thermo Fisher Scientific","Sodium Hypochlorite Solution is a pharmaceutical-grade product intended for use in process chemicals. It is supplied by Thermo Fisher Scientific and is designed to support consistent quality, controlled processing, and reliable pharmaceutical manufacturing or quality-control operations.","Manufacturer: Thermo Fisher Scientific; Unit of Measure: EA; Weight: 41.43 kg; Industry: Pharmaceuticals; Quality: GMP-aligned supply"
"140","140","en-US","Sterile Protective Goggles by Fresenius Kabi","Sterile Protective Goggles is a pharmaceutical-grade product intended for use in cleanroom consumables. It is supplied by Fresenius Kabi and is designed to support consistent quality, controlled processing, and reliable pharmaceutical manufacturing or quality-control operations.","Manufacturer: Fresenius Kabi; Unit of Measure: EA; Weight: 11.85 kg; Industry: Pharmaceuticals; Quality: GMP-aligned supply"
