"ProductID","SKU","ProductName","CategoryID","Manufacturer","UnitOfMeasure","UnitPrice","Weight","IsActive","CreatedDate","ModifiedDate"
"1","API-1001","Paracetamol API","1","Pfizer","EA","3269.56","1.760","True","9/17/2026 9:15:04 AM","9/17/2026 9:15:04 AM"
"2","EXC-1001","Lactose Monohydrate","2","Novartis","EA","3379.47","13.110","True","9/17/2026 9:15:04 AM","9/17/2026 9:15:04 AM"
"3","INT-1001","Benzyl Alcohol Intermediate","3","Sanofi","EA","1204.19","14.870","True","9/17/2026 9:15:04 AM","9/17/2026 9:15:04 AM"
"4","OSD-1001","Amoxicillin Capsules 500mg","4","Roche","EA","2998.34","35.460","True","9/17/2026 9:15:04 AM","9/17/2026 9:15:04 AM"
"5","INJ-1001","Insulin Injection 100 IU/mL","5","Merck","EA","2109.47","10.460","True","9/17/2026 9:15:04 AM","9/17/2026 9:15:04 AM"
"6","BIO-1001","Protein Purification Resin","6","GSK","EA","1214.45","19.160","True","9/17/2026 9:15:04 AM","9/17/2026 9:15:04 AM"
"7","PKG-1001","Rubber Stopper 20mm","7","AstraZeneca","EA","828.06","15.990","True","9/17/2026 9:15:04 AM","9/17/2026 9:15:04 AM"
"8","LAB-1001","Karl Fischer Reagent","8","Bayer","EA","729.82","1.600","True","9/17/2026 9:15:04 AM","9/17/2026 9:15:04 AM"
"9","PRC-1001","Citric Acid Cleaning Solution","9","AbbVie","EA","4573.00","24.140","True","9/17/2026 9:15:04 AM","9/17/2026 9:15:04 AM"
"10","CRC-1001","Cleanroom Sticky Mats","10","Eli Lilly","EA","405.38","20.810","True","9/17/2026 9:15:04 AM","9/17/2026 9:15:04 AM"
"11","API-1002","Cetirizine HCl API","1","Johnson & Johnson","EA","3621.86","24.710","True","9/17/2026 9:15:04 AM","9/17/2026 9:15:04 AM"
"12","EXC-1002","Pregelatinized Starch","2","Boehringer Ingelheim","EA","3148.71","30.610","True","9/17/2026 9:15:04 AM","9/17/2026 9:15:04 AM"
"13","INT-1002","Nitrobenzene Intermediate","3","Takeda","EA","4860.56","45.910","True","9/17/2026 9:15:04 AM","9/17/2026 9:15:04 AM"
"14","OSD-1002","Fluconazole Capsules 150mg","4","Amgen","EA","1172.30","11.350","True","9/17/2026 9:15:04 AM","9/17/2026 9:15:04 AM"
"15","INJ-1002","Paracetamol Injection 10mg/mL","5","Novo Nordisk","EA","83.38","27.410","True","9/17/2026 9:15:04 AM","9/17/2026 9:15:04 AM"
"16","BIO-1002","Recombinant Insulin Bulk","6","Teva","EA","4282.86","41.490","True","9/17/2026 9:15:04 AM","9/17/2026 9:15:04 AM"
"17","PKG-1002","HDPE Pharmaceutical Bottle 100mL","7","Sun Pharma","EA","2774.48","16.400","True","9/17/2026 9:15:04 AM","9/17/2026 9:15:04 AM"
"18","LAB-1002","Microbial Growth Medium","8","Cipla","EA","814.00","27.830","True","9/17/2026 9:15:04 AM","9/17/2026 9:15:04 AM"
"19","PRC-1002","Hydrogen Peroxide Solution","9","Dr. Reddy's Laboratories","EA","2769.04","30.710","True","9/17/2026 9:15:04 AM","9/17/2026 9:15:04 AM"
"20","CRC-1002","Cleanroom Sleeve Covers","10","Aurobindo Pharma","EA","2220.22","17.200","True","9/17/2026 9:15:04 AM","9/17/2026 9:15:04 AM"
"21","API-1003","Omeprazole API","1","Lonza","EA","1212.59","25.510","True","9/17/2026 9:15:04 AM","9/17/2026 9:15:04 AM"
"22","EXC-1003","Hydroxypropyl Methylcellulose","2","Catalent","EA","2715.47","46.930","True","9/17/2026 9:15:04 AM","9/17/2026 9:15:04 AM"
"23","INT-1003","Pyridine Intermediate","3","Thermo Fisher Scientific","EA","4778.00","8.210","True","9/17/2026 9:15:04 AM","9/17/2026 9:15:04 AM"
"24","OSD-1003","Amlodipine Tablets 5mg","4","Fresenius Kabi","EA","4670.83","24.900","True","9/17/2026 9:15:04 AM","9/17/2026 9:15:04 AM"
"25","INJ-1003","Amikacin Injection 250mg/mL","5","Sandoz","EA","2668.77","9.280","True","9/17/2026 9:15:04 AM","9/17/2026 9:15:04 AM"
"26","BIO-1003","Cell Preservation Medium","6","Alkem Laboratories","EA","2891.58","3.960","True","9/17/2026 9:15:04 AM","9/17/2026 9:15:04 AM"
"27","PKG-1003","Pharmaceutical Label Roll","7","Lupin","EA","565.71","12.830","True","9/17/2026 9:15:04 AM","9/17/2026 9:15:04 AM"
"28","LAB-1003","Elemental Impurity Standard","8","Biocon","EA","3050.18","31.930","True","9/17/2026 9:15:04 AM","9/17/2026 9:15:04 AM"
"29","PRC-1003","Purified Water","9","Wockhardt","EA","2744.19","35.280","True","9/17/2026 9:15:04 AM","9/17/2026 9:15:04 AM"
"30","CRC-1003","Disposable Cleanroom Gown","10","Pfizer","EA","1635.07","19.810","True","9/17/2026 9:15:04 AM","9/17/2026 9:15:04 AM"
"31","API-1004","Metformin HCl API","1","Novartis","EA","2026.89","29.160","True","9/17/2026 9:15:04 AM","9/17/2026 9:15:04 AM"
"32","EXC-1004","Povidone K30","2","Sanofi","EA","201.48","11.160","True","9/17/2026 9:15:04 AM","9/17/2026 9:15:04 AM"
"33","INT-1004","Ethyl Acetoacetate Intermediate","3","Roche","EA","319.94","0.510","True","9/17/2026 9:15:04 AM","9/17/2026 9:15:04 AM"
"34","OSD-1004","Atorvastatin Tablets 20mg","4","Merck","EA","1558.66","30.500","True","9/17/2026 9:15:04 AM","9/17/2026 9:15:04 AM"
"35","INJ-1004","Pantoprazole Injection 40mg","5","GSK","EA","1398.68","44.510","True","9/17/2026 9:15:04 AM","9/17/2026 9:15:04 AM"
"36","BIO-1004","Bioreactor Nutrient Solution","6","AstraZeneca","EA","2975.89","32.340","True","9/17/2026 9:15:04 AM","9/17/2026 9:15:04 AM"
"37","PKG-1004","Aluminium Seal 20mm","7","Bayer","EA","4827.35","30.390","True","9/17/2026 9:15:04 AM","9/17/2026 9:15:04 AM"
"38","LAB-1004","Chromatography Solvent","8","AbbVie","EA","3740.38","28.020","True","9/17/2026 9:15:04 AM","9/17/2026 9:15:04 AM"
"39","PRC-1004","Methanol Process Grade","9","Eli Lilly","EA","4078.59","22.780","True","9/17/2026 9:15:04 AM","9/17/2026 9:15:04 AM"
"40","CRC-1004","Single-Use Sampling Bottle","10","Johnson & Johnson","EA","3942.86","29.500","True","9/17/2026 9:15:04 AM","9/17/2026 9:15:04 AM"
"41","API-1005","Rifampicin API","1","Boehringer Ingelheim","EA","4901.11","16.240","True","9/17/2026 9:15:04 AM","9/17/2026 9:15:04 AM"
"42","EXC-1005","Citric Acid Anhydrous","2","Takeda","EA","4534.70","35.510","True","9/17/2026 9:15:04 AM","9/17/2026 9:15:04 AM"
"43","INT-1005","4-Aminobenzoic Acid Intermediate","3","Amgen","EA","4215.48","48.030","True","9/17/2026 9:15:04 AM","9/17/2026 9:15:04 AM"
"44","OSD-1005","Ibuprofen Tablets 200mg","4","Novo Nordisk","EA","2181.74","20.890","True","9/17/2026 9:15:04 AM","9/17/2026 9:15:04 AM"
"45","INJ-1005","Vancomycin Injection 500mg","5","Teva","EA","1857.49","21.310","True","9/17/2026 9:15:04 AM","9/17/2026 9:15:04 AM"
"46","BIO-1005","Vaccine Antigen Bulk","6","Sun Pharma","EA","2370.13","0.540","True","9/17/2026 9:15:04 AM","9/17/2026 9:15:04 AM"
"47","PKG-1005","Aluminium Blister Foil","7","Cipla","EA","1322.49","20.140","True","9/17/2026 9:15:04 AM","9/17/2026 9:15:04 AM"
"48","LAB-1005","pH Buffer Solution","8","Dr. Reddy's Laboratories","EA","899.88","39.390","True","9/17/2026 9:15:04 AM","9/17/2026 9:15:04 AM"
"49","PRC-1005","Hydrochloric Acid Solution","9","Aurobindo Pharma","EA","2650.28","25.090","True","9/17/2026 9:15:04 AM","9/17/2026 9:15:04 AM"
"50","CRC-1005","Particle-Free Swabs","10","Lonza","EA","143.30","49.130","True","9/17/2026 9:15:04 AM","9/17/2026 9:15:04 AM"
"51","API-1006","Losartan Potassium API","1","Catalent","EA","4349.14","6.360","True","9/17/2026 9:15:04 AM","9/17/2026 9:15:04 AM"
"52","EXC-1006","Crospovidone","2","Thermo Fisher Scientific","EA","2342.48","12.580","True","9/17/2026 9:15:04 AM","9/17/2026 9:15:04 AM"
"53","INT-1006","Aniline Intermediate","3","Fresenius Kabi","EA","3021.08","24.370","True","9/17/2026 9:15:04 AM","9/17/2026 9:15:04 AM"
"54","OSD-1006","Diclofenac Tablets 50mg","4","Sandoz","EA","3389.70","35.640","True","9/17/2026 9:15:04 AM","9/17/2026 9:15:04 AM"
"55","INJ-1006","Metoclopramide Injection 5mg/mL","5","Alkem Laboratories","EA","2561.22","1.930","True","9/17/2026 9:15:04 AM","9/17/2026 9:15:04 AM"
"56","BIO-1006","Biologic Drug Substance","6","Lupin","EA","3336.60","28.150","True","9/17/2026 9:15:04 AM","9/17/2026 9:15:04 AM"
"57","PKG-1006","Type I Glass Vial 10mL","7","Biocon","EA","1543.48","21.150","True","9/17/2026 9:15:04 AM","9/17/2026 9:15:04 AM"
"58","LAB-1006","HPLC Grade Methanol","8","Wockhardt","EA","241.97","8.370","True","9/17/2026 9:15:04 AM","9/17/2026 9:15:04 AM"
"59","PRC-1006","Ethanol 96 Percent","9","Pfizer","EA","709.24","30.620","True","9/17/2026 9:15:04 AM","9/17/2026 9:15:04 AM"
"60","CRC-1006","Cleanroom Face Mask","10","Novartis","EA","3106.60","29.280","True","9/17/2026 9:15:04 AM","9/17/2026 9:15:04 AM"
"61","API-1007","Azithromycin API","1","Sanofi","EA","1624.20","38.970","True","9/17/2026 9:15:04 AM","9/17/2026 9:15:04 AM"
"62","EXC-1007","Colloidal Silicon Dioxide","2","Roche","EA","2237.21","38.870","True","9/17/2026 9:15:04 AM","9/17/2026 9:15:04 AM"
"63","INT-1007","Propyl Paraben Intermediate","3","Merck","EA","3093.89","23.190","True","9/17/2026 9:15:04 AM","9/17/2026 9:15:04 AM"
"64","OSD-1007","Pantoprazole Tablets 40mg","4","GSK","EA","2385.63","43.030","True","9/17/2026 9:15:04 AM","9/17/2026 9:15:04 AM"
"65","INJ-1007","Furosemide Injection 10mg/mL","5","AstraZeneca","EA","1024.40","18.250","True","9/17/2026 9:15:04 AM","9/17/2026 9:15:04 AM"
"66","BIO-1007","Chromatography Resin","6","Bayer","EA","567.34","15.970","True","9/17/2026 9:15:04 AM","9/17/2026 9:15:04 AM"
"67","PKG-1007","Tamper Evident Cap 38mm","7","AbbVie","EA","3145.86","18.470","True","9/17/2026 9:15:04 AM","9/17/2026 9:15:04 AM"
"68","LAB-1007","Sterility Test Medium","8","Eli Lilly","EA","3124.09","49.630","True","9/17/2026 9:15:04 AM","9/17/2026 9:15:04 AM"
"69","PRC-1007","Sodium Hypochlorite Solution","9","Johnson & Johnson","EA","3835.20","25.800","True","9/17/2026 9:15:04 AM","9/17/2026 9:15:04 AM"
"70","CRC-1007","Sterile Protective Goggles","10","Boehringer Ingelheim","EA","2406.53","34.860","True","9/17/2026 9:15:04 AM","9/17/2026 9:15:04 AM"
"71","API-1008","Paracetamol API","1","Takeda","EA","2488.09","26.190","True","9/17/2026 9:15:04 AM","9/17/2026 9:15:04 AM"
"72","EXC-1008","Lactose Monohydrate","2","Amgen","EA","4335.08","7.290","True","9/17/2026 9:15:04 AM","9/17/2026 9:15:04 AM"
"73","INT-1008","Benzyl Alcohol Intermediate","3","Novo Nordisk","EA","1906.99","2.260","True","9/17/2026 9:15:04 AM","9/17/2026 9:15:04 AM"
"74","OSD-1008","Amoxicillin Capsules 500mg","4","Teva","EA","1936.46","28.980","True","9/17/2026 9:15:04 AM","9/17/2026 9:15:04 AM"
"75","INJ-1008","Insulin Injection 100 IU/mL","5","Sun Pharma","EA","1232.85","2.600","True","9/17/2026 9:15:04 AM","9/17/2026 9:15:04 AM"
"76","BIO-1008","Protein Purification Resin","6","Cipla","EA","2564.09","4.370","True","9/17/2026 9:15:04 AM","9/17/2026 9:15:04 AM"
"77","PKG-1008","Rubber Stopper 20mm","7","Dr. Reddy's Laboratories","EA","2683.02","11.560","True","9/17/2026 9:15:04 AM","9/17/2026 9:15:04 AM"
"78","LAB-1008","Karl Fischer Reagent","8","Aurobindo Pharma","EA","3155.04","13.030","True","9/17/2026 9:15:04 AM","9/17/2026 9:15:04 AM"
"79","PRC-1008","Citric Acid Cleaning Solution","9","Lonza","EA","3743.18","20.070","True","9/17/2026 9:15:04 AM","9/17/2026 9:15:04 AM"
"80","CRC-1008","Cleanroom Sticky Mats","10","Catalent","EA","3141.41","14.460","True","9/17/2026 9:15:04 AM","9/17/2026 9:15:04 AM"
"81","API-1009","Cetirizine HCl API","1","Thermo Fisher Scientific","EA","3472.91","28.620","True","9/17/2026 9:15:04 AM","9/17/2026 9:15:04 AM"
"82","EXC-1009","Pregelatinized Starch","2","Fresenius Kabi","EA","1099.71","2.270","True","9/17/2026 9:15:04 AM","9/17/2026 9:15:04 AM"
"83","INT-1009","Nitrobenzene Intermediate","3","Sandoz","EA","4774.82","12.650","True","9/17/2026 9:15:04 AM","9/17/2026 9:15:04 AM"
"84","OSD-1009","Fluconazole Capsules 150mg","4","Alkem Laboratories","EA","4631.42","10.980","True","9/17/2026 9:15:04 AM","9/17/2026 9:15:04 AM"
"85","INJ-1009","Paracetamol Injection 10mg/mL","5","Lupin","EA","60.61","47.460","True","9/17/2026 9:15:04 AM","9/17/2026 9:15:04 AM"
"86","BIO-1009","Recombinant Insulin Bulk","6","Biocon","EA","3899.55","4.930","True","9/17/2026 9:15:04 AM","9/17/2026 9:15:04 AM"
"87","PKG-1009","HDPE Pharmaceutical Bottle 100mL","7","Wockhardt","EA","4850.99","47.210","True","9/17/2026 9:15:04 AM","9/17/2026 9:15:04 AM"
"88","LAB-1009","Microbial Growth Medium","8","Pfizer","EA","2105.10","43.370","True","9/17/2026 9:15:04 AM","9/17/2026 9:15:04 AM"
"89","PRC-1009","Hydrogen Peroxide Solution","9","Novartis","EA","3608.11","24.810","True","9/17/2026 9:15:04 AM","9/17/2026 9:15:04 AM"
"90","CRC-1009","Cleanroom Sleeve Covers","10","Sanofi","EA","3699.81","38.950","True","9/17/2026 9:15:04 AM","9/17/2026 9:15:04 AM"
"91","API-1010","Omeprazole API","1","Roche","EA","4697.53","13.340","True","9/17/2026 9:15:04 AM","9/17/2026 9:15:04 AM"
"92","EXC-1010","Hydroxypropyl Methylcellulose","2","Merck","EA","4626.44","0.710","True","9/17/2026 9:15:04 AM","9/17/2026 9:15:04 AM"
"93","INT-1010","Pyridine Intermediate","3","GSK","EA","2405.40","34.690","True","9/17/2026 9:15:04 AM","9/17/2026 9:15:04 AM"
"94","OSD-1010","Amlodipine Tablets 5mg","4","AstraZeneca","EA","3685.15","3.270","True","9/17/2026 9:15:04 AM","9/17/2026 9:15:04 AM"
"95","INJ-1010","Amikacin Injection 250mg/mL","5","Bayer","EA","4840.30","0.040","True","9/17/2026 9:15:04 AM","9/17/2026 9:15:04 AM"
"96","BIO-1010","Cell Preservation Medium","6","AbbVie","EA","3793.92","26.870","True","9/17/2026 9:15:04 AM","9/17/2026 9:15:04 AM"
"97","PKG-1010","Pharmaceutical Label Roll","7","Eli Lilly","EA","3617.43","6.070","True","9/17/2026 9:15:04 AM","9/17/2026 9:15:04 AM"
"98","LAB-1010","Elemental Impurity Standard","8","Johnson & Johnson","EA","1008.73","38.620","True","9/17/2026 9:15:04 AM","9/17/2026 9:15:04 AM"
"99","PRC-1010","Purified Water","9","Boehringer Ingelheim","EA","1921.96","34.010","True","9/17/2026 9:15:04 AM","9/17/2026 9:15:04 AM"
"100","CRC-1010","Disposable Cleanroom Gown","10","Takeda","EA","2912.59","0.180","True","9/17/2026 9:15:04 AM","9/17/2026 9:15:04 AM"
"101","API-1011","Metformin HCl API","1","Amgen","EA","2341.83","49.400","True","9/17/2026 9:15:04 AM","9/17/2026 9:15:04 AM"
"102","EXC-1011","Povidone K30","2","Novo Nordisk","EA","4436.53","46.110","True","9/17/2026 9:15:04 AM","9/17/2026 9:15:04 AM"
"103","INT-1011","Ethyl Acetoacetate Intermediate","3","Teva","EA","4725.83","31.590","True","9/17/2026 9:15:04 AM","9/17/2026 9:15:04 AM"
"104","OSD-1011","Atorvastatin Tablets 20mg","4","Sun Pharma","EA","3935.07","31.870","True","9/17/2026 9:15:04 AM","9/17/2026 9:15:04 AM"
"105","INJ-1011","Pantoprazole Injection 40mg","5","Cipla","EA","3974.71","14.230","True","9/17/2026 9:15:04 AM","9/17/2026 9:15:04 AM"
"106","BIO-1011","Bioreactor Nutrient Solution","6","Dr. Reddy's Laboratories","EA","2840.13","41.930","True","9/17/2026 9:15:04 AM","9/17/2026 9:15:04 AM"
"107","PKG-1011","Aluminium Seal 20mm","7","Aurobindo Pharma","EA","3505.60","38.390","True","9/17/2026 9:15:04 AM","9/17/2026 9:15:04 AM"
"108","LAB-1011","Chromatography Solvent","8","Lonza","EA","2145.05","29.150","True","9/17/2026 9:15:04 AM","9/17/2026 9:15:04 AM"
"109","PRC-1011","Methanol Process Grade","9","Catalent","EA","2208.45","7.900","True","9/17/2026 9:15:04 AM","9/17/2026 9:15:04 AM"
"110","CRC-1011","Single-Use Sampling Bottle","10","Thermo Fisher Scientific","EA","2807.37","17.350","True","9/17/2026 9:15:04 AM","9/17/2026 9:15:04 AM"
"111","API-1012","Rifampicin API","1","Fresenius Kabi","EA","4564.41","28.400","True","9/17/2026 9:15:04 AM","9/17/2026 9:15:04 AM"
"112","EXC-1012","Citric Acid Anhydrous","2","Sandoz","EA","3610.02","31.850","True","9/17/2026 9:15:04 AM","9/17/2026 9:15:04 AM"
"113","INT-1012","4-Aminobenzoic Acid Intermediate","3","Alkem Laboratories","EA","933.25","26.470","True","9/17/2026 9:15:04 AM","9/17/2026 9:15:04 AM"
"114","OSD-1012","Ibuprofen Tablets 200mg","4","Lupin","EA","2240.86","0.790","True","9/17/2026 9:15:04 AM","9/17/2026 9:15:04 AM"
"115","INJ-1012","Vancomycin Injection 500mg","5","Biocon","EA","776.60","20.870","True","9/17/2026 9:15:04 AM","9/17/2026 9:15:04 AM"
"116","BIO-1012","Vaccine Antigen Bulk","6","Wockhardt","EA","2712.88","27.630","True","9/17/2026 9:15:04 AM","9/17/2026 9:15:04 AM"
"117","PKG-1012","Aluminium Blister Foil","7","Pfizer","EA","3427.58","41.400","True","9/17/2026 9:15:04 AM","9/17/2026 9:15:04 AM"
"118","LAB-1012","pH Buffer Solution","8","Novartis","EA","2236.49","10.340","True","9/17/2026 9:15:04 AM","9/17/2026 9:15:04 AM"
"119","PRC-1012","Hydrochloric Acid Solution","9","Sanofi","EA","1587.14","49.760","True","9/17/2026 9:15:04 AM","9/17/2026 9:15:04 AM"
"120","CRC-1012","Particle-Free Swabs","10","Roche","EA","100.56","5.860","True","9/17/2026 9:15:04 AM","9/17/2026 9:15:04 AM"
"121","API-1013","Losartan Potassium API","1","Merck","EA","674.57","30.680","True","9/17/2026 9:15:04 AM","9/17/2026 9:15:04 AM"
"122","EXC-1013","Crospovidone","2","GSK","EA","3314.41","24.630","True","9/17/2026 9:15:04 AM","9/17/2026 9:15:04 AM"
"123","INT-1013","Aniline Intermediate","3","AstraZeneca","EA","382.26","26.070","True","9/17/2026 9:15:04 AM","9/17/2026 9:15:04 AM"
"124","OSD-1013","Diclofenac Tablets 50mg","4","Bayer","EA","2560.64","10.430","True","9/17/2026 9:15:04 AM","9/17/2026 9:15:04 AM"
"125","INJ-1013","Metoclopramide Injection 5mg/mL","5","AbbVie","EA","3421.91","2.010","True","9/17/2026 9:15:04 AM","9/17/2026 9:15:04 AM"
"126","BIO-1013","Biologic Drug Substance","6","Eli Lilly","EA","3841.39","17.930","True","9/17/2026 9:15:04 AM","9/17/2026 9:15:04 AM"
"127","PKG-1013","Type I Glass Vial 10mL","7","Johnson & Johnson","EA","590.29","29.460","True","9/17/2026 9:15:04 AM","9/17/2026 9:15:04 AM"
"128","LAB-1013","HPLC Grade Methanol","8","Boehringer Ingelheim","EA","1145.08","12.340","True","9/17/2026 9:15:04 AM","9/17/2026 9:15:04 AM"
"129","PRC-1013","Ethanol 96 Percent","9","Takeda","EA","1160.62","37.750","True","9/17/2026 9:15:04 AM","9/17/2026 9:15:04 AM"
"130","CRC-1013","Cleanroom Face Mask","10","Amgen","EA","561.26","37.490","True","9/17/2026 9:15:04 AM","9/17/2026 9:15:04 AM"
"131","API-1014","Azithromycin API","1","Novo Nordisk","EA","1925.53","10.330","True","9/17/2026 9:15:04 AM","9/17/2026 9:15:04 AM"
"132","EXC-1014","Colloidal Silicon Dioxide","2","Teva","EA","3146.36","21.410","True","9/17/2026 9:15:04 AM","9/17/2026 9:15:04 AM"
"133","INT-1014","Propyl Paraben Intermediate","3","Sun Pharma","EA","2172.29","41.520","True","9/17/2026 9:15:04 AM","9/17/2026 9:15:04 AM"
"134","OSD-1014","Pantoprazole Tablets 40mg","4","Cipla","EA","2300.16","40.450","True","9/17/2026 9:15:04 AM","9/17/2026 9:15:04 AM"
"135","INJ-1014","Furosemide Injection 10mg/mL","5","Dr. Reddy's Laboratories","EA","2705.78","34.000","True","9/17/2026 9:15:04 AM","9/17/2026 9:15:04 AM"
"136","BIO-1014","Chromatography Resin","6","Aurobindo Pharma","EA","2292.43","42.780","True","9/17/2026 9:15:04 AM","9/17/2026 9:15:04 AM"
"137","PKG-1014","Tamper Evident Cap 38mm","7","Lonza","EA","1940.96","39.790","True","9/17/2026 9:15:04 AM","9/17/2026 9:15:04 AM"
"138","LAB-1014","Sterility Test Medium","8","Catalent","EA","4120.42","41.990","True","9/17/2026 9:15:04 AM","9/17/2026 9:15:04 AM"
"139","PRC-1014","Sodium Hypochlorite Solution","9","Thermo Fisher Scientific","EA","2997.64","41.430","True","9/17/2026 9:15:04 AM","9/17/2026 9:15:04 AM"
"140","CRC-1014","Sterile Protective Goggles","10","Fresenius Kabi","EA","74.08","11.850","True","9/17/2026 9:15:04 AM","9/17/2026 9:15:04 AM"
