"SemanticSearchLogID","QueryText","TopProductID","TopProductName","TopScore","ResultCount","SearchDate"
"1","medicine used to reduce fever","85","Paracetamol Injection 10mg/mL","0.7670","10","9/28/2026 9:25:08 AM"
"2","medicine used to reduce fever","85","Paracetamol Injection 10mg/mL","0.7670","10","9/28/2026 9:25:18 AM"
"3","medicine used to reduce fever","85","Paracetamol Injection 10mg/mL","0.7670","10","9/28/2026 9:25:28 AM"
"4","best medicine for hypertension","94","Amlodipine Tablets 5mg","0.7614","10","9/28/2026 9:25:42 AM"
"5","tablet for controlling blood sugar","34","Atorvastatin Tablets 20mg","0.7958","10","9/28/2026 9:25:47 AM"
"6","tablet for controlling blood sugar","34","Atorvastatin Tablets 20mg","0.7958","10","9/28/2026 9:25:52 AM"
"7","medicine used to reduce fever","85","Paracetamol Injection 10mg/mL","0.7670","10","9/28/2026 9:31:03 AM"
"8","medicine used to reduce fever","85","Paracetamol Injection 10mg/mL","0.7670","10","9/28/2026 9:31:13 AM"
"9","medicine used to reduce fever","85","Paracetamol Injection 10mg/mL","0.7670","10","9/28/2026 9:31:19 AM"
"10","medicine used to reduce fever","85","Paracetamol Injection 10mg/mL","0.7670","10","9/28/2026 9:36:12 AM"
