"ShipmentID","ShipmentNumber","OrderID","WarehouseID","CarrierName","TrackingNumber","ShipmentStatus","ShippedDate","EstimatedDeliveryDate","DeliveredDate"
"1","SHP-2026-00001","1","1","DHL","DH230805140","Delivered","9/4/2026 9:15:04 AM","9/9/2026 9:15:04 AM","9/8/2026 9:15:04 AM"
"2","SHP-2026-00002","3","2","UPS","UP834346235","Shipped","8/8/2026 9:15:04 AM","8/13/2026 9:15:04 AM",""
"3","SHP-2026-00003","5","3","FedEx","FE756364991","Delivered","8/9/2026 9:15:04 AM","8/14/2026 9:15:04 AM","8/13/2026 9:15:04 AM"
"4","SHP-2026-00004","6","3","DHL","DH780735118","Shipped","7/3/2026 9:15:04 AM","7/8/2026 9:15:04 AM",""
"5","SHP-2026-00005","9","1","FedEx","FE930402568","Delivered","6/17/2026 9:15:04 AM","6/22/2026 9:15:04 AM","6/21/2026 9:15:04 AM"
"6","SHP-2026-00006","10","1","XPO Logistics","XP235436555","Shipped","6/16/2026 9:15:04 AM","6/21/2026 9:15:04 AM",""
"7","SHP-2026-00007","11","2","XPO Logistics","XP322598109","Shipped","6/19/2026 9:15:04 AM","6/24/2026 9:15:04 AM",""
"8","SHP-2026-00008","12","2","DHL","DH630404333","Delivered","8/27/2026 9:15:04 AM","9/1/2026 9:15:04 AM","8/31/2026 9:15:04 AM"
"9","SHP-2026-00009","14","1","FedEx","FE141835326","Shipped","9/6/2026 9:15:04 AM","9/11/2026 9:15:04 AM",""
"10","SHP-2026-00010","15","3","UPS","UP506852685","Shipped","9/6/2026 9:15:04 AM","9/11/2026 9:15:04 AM",""
"11","SHP-2026-00011","18","1","UPS","UP416847517","Delivered","5/22/2026 9:15:04 AM","5/27/2026 9:15:04 AM","5/26/2026 9:15:04 AM"
"12","SHP-2026-00012","19","2","XPO Logistics","XP772962375","Delivered","7/13/2026 9:15:04 AM","7/18/2026 9:15:04 AM","7/17/2026 9:15:04 AM"
"13","SHP-2026-00013","20","1","Old Dominion","OL655612109","Delivered","7/31/2026 9:15:04 AM","8/5/2026 9:15:04 AM","8/4/2026 9:15:04 AM"
"14","SHP-2026-00014","22","1","XPO Logistics","XP983347715","Shipped","9/13/2026 9:15:04 AM","9/18/2026 9:15:04 AM",""
"15","SHP-2026-00015","23","3","XPO Logistics","XP327582740","Shipped","6/3/2026 9:15:04 AM","6/8/2026 9:15:04 AM",""
"16","SHP-2026-00016","24","2","DHL","DH361705978","Delivered","5/29/2026 9:15:04 AM","6/3/2026 9:15:04 AM","6/2/2026 9:15:04 AM"
"17","SHP-2026-00017","25","2","Old Dominion","OL164203427","InTransit","7/11/2026 9:15:04 AM","7/16/2026 9:15:04 AM",""
"18","SHP-2026-00018","29","2","Old Dominion","OL846610790","Delivered","6/25/2026 9:15:04 AM","6/30/2026 9:15:04 AM","6/29/2026 9:15:04 AM"
"19","SHP-2026-00019","30","2","Old Dominion","OL531336874","Delivered","8/16/2026 9:15:04 AM","8/21/2026 9:15:04 AM","8/20/2026 9:15:04 AM"
"20","SHP-2026-00020","33","2","XPO Logistics","XP741243813","InTransit","6/8/2026 9:15:04 AM","6/13/2026 9:15:04 AM",""
"21","SHP-2026-00021","34","1","Old Dominion","OL183739716","Delivered","6/1/2026 9:15:04 AM","6/6/2026 9:15:04 AM","6/5/2026 9:15:04 AM"
"22","SHP-2026-00022","35","1","FedEx","FE189612007","Delivered","9/10/2026 9:15:04 AM","9/15/2026 9:15:04 AM","9/14/2026 9:15:04 AM"
"23","SHP-2026-00023","38","2","UPS","UP476983663","Delivered","5/25/2026 9:15:04 AM","5/30/2026 9:15:04 AM","5/29/2026 9:15:04 AM"
"24","SHP-2026-00024","39","2","FedEx","FE364378361","Shipped","6/24/2026 9:15:04 AM","6/29/2026 9:15:04 AM",""
"25","SHP-2026-00025","42","2","XPO Logistics","XP110640617","Shipped","6/30/2026 9:15:04 AM","7/5/2026 9:15:04 AM",""
"26","SHP-2026-00026","44","2","Old Dominion","OL134507852","Delivered","8/29/2026 9:15:04 AM","9/3/2026 9:15:04 AM","9/2/2026 9:15:04 AM"
"27","SHP-2026-00027","48","2","UPS","UP484751105","Shipped","7/2/2026 9:15:04 AM","7/7/2026 9:15:04 AM",""
"28","SHP-2026-00028","49","1","DHL","DH208369147","Shipped","5/30/2026 9:15:04 AM","6/4/2026 9:15:04 AM",""
"29","SHP-2026-00029","51","1","DHL","DH761847262","Shipped","9/4/2026 9:15:04 AM","9/9/2026 9:15:04 AM",""
"30","SHP-2026-00030","52","2","XPO Logistics","XP524160052","Delivered","7/26/2026 9:15:04 AM","7/31/2026 9:15:04 AM","7/30/2026 9:15:04 AM"
"31","SHP-2026-00031","53","2","DHL","DH181906566","Shipped","8/22/2026 9:15:04 AM","8/27/2026 9:15:04 AM",""
"32","SHP-2026-00032","54","2","DHL","DH847724615","InTransit","8/25/2026 9:15:04 AM","8/30/2026 9:15:04 AM",""
"33","SHP-2026-00033","55","3","Old Dominion","OL408846289","Delivered","6/23/2026 9:15:04 AM","6/28/2026 9:15:04 AM","6/27/2026 9:15:04 AM"
"34","SHP-2026-00034","58","1","Old Dominion","OL728466521","Delivered","5/27/2026 9:15:04 AM","6/1/2026 9:15:04 AM","5/31/2026 9:15:04 AM"
"35","SHP-2026-00035","59","1","FedEx","FE426701381","Shipped","8/29/2026 9:15:04 AM","9/3/2026 9:15:04 AM",""
"36","SHP-2026-00036","60","1","XPO Logistics","XP854098311","Shipped","6/10/2026 9:15:04 AM","6/15/2026 9:15:04 AM",""
"37","SHP-2026-00037","63","3","DHL","DH390049837","Delivered","7/29/2026 9:15:04 AM","8/3/2026 9:15:04 AM","8/2/2026 9:15:04 AM"
"38","SHP-2026-00038","64","1","UPS","UP257034149","Delivered","8/18/2026 9:15:04 AM","8/23/2026 9:15:04 AM","8/22/2026 9:15:04 AM"
"39","SHP-2026-00039","67","3","XPO Logistics","XP102884444","Shipped","7/16/2026 9:15:04 AM","7/21/2026 9:15:04 AM",""
"40","SHP-2026-00040","68","2","DHL","DH748403088","Delivered","8/19/2026 9:15:04 AM","8/24/2026 9:15:04 AM","8/23/2026 9:15:04 AM"
"41","SHP-2026-00041","70","2","DHL","DH239400266","Delivered","8/30/2026 9:15:04 AM","9/4/2026 9:15:04 AM","9/3/2026 9:15:04 AM"
"42","SHP-2026-00042","76","3","UPS","UP537777825","Shipped","7/30/2026 9:15:04 AM","8/4/2026 9:15:04 AM",""
"43","SHP-2026-00043","77","3","Old Dominion","OL186253774","Shipped","8/26/2026 9:15:04 AM","8/31/2026 9:15:04 AM",""
"44","SHP-2026-00044","79","3","DHL","DH529755715","Delivered","9/5/2026 9:15:04 AM","9/10/2026 9:15:04 AM","9/9/2026 9:15:04 AM"
"45","SHP-2026-00045","80","2","DHL","DH537009928","Delivered","5/28/2026 9:15:04 AM","6/2/2026 9:15:04 AM","6/1/2026 9:15:04 AM"
"46","SHP-2026-00046","85","2","XPO Logistics","XP237992294","Delivered","6/8/2026 9:15:04 AM","6/13/2026 9:15:04 AM","6/12/2026 9:15:04 AM"
"47","SHP-2026-00047","87","1","Old Dominion","OL362206438","Delivered","9/14/2026 9:15:04 AM","9/19/2026 9:15:04 AM","9/18/2026 9:15:04 AM"
"48","SHP-2026-00048","90","2","UPS","UP955881282","Shipped","8/14/2026 9:15:04 AM","8/19/2026 9:15:04 AM",""
"49","SHP-2026-00049","91","2","UPS","UP814243688","Delivered","7/6/2026 9:15:04 AM","7/11/2026 9:15:04 AM","7/10/2026 9:15:04 AM"
"50","SHP-2026-00050","94","3","XPO Logistics","XP451207605","Shipped","7/31/2026 9:15:04 AM","8/5/2026 9:15:04 AM",""
"51","SHP-2026-00051","95","1","Old Dominion","OL790550148","Delivered","9/16/2026 9:15:04 AM","9/21/2026 9:15:04 AM","9/20/2026 9:15:04 AM"
"52","SHP-2026-00052","97","1","XPO Logistics","XP445913607","Shipped","6/18/2026 9:15:04 AM","6/23/2026 9:15:04 AM",""
"53","SHP-2026-00053","98","1","UPS","UP276855218","InTransit","7/10/2026 9:15:04 AM","7/15/2026 9:15:04 AM",""
"54","SHP-2026-00054","100","1","UPS","UP489107762","Delivered","5/30/2026 9:15:04 AM","6/4/2026 9:15:04 AM","6/3/2026 9:15:04 AM"
"55","SHP-2026-00055","101","3","UPS","UP852607576","Delivered","6/16/2026 9:15:04 AM","6/21/2026 9:15:04 AM","6/20/2026 9:15:04 AM"
"56","SHP-2026-00056","103","3","FedEx","FE438606150","Delivered","8/19/2026 9:15:04 AM","8/24/2026 9:15:04 AM","8/23/2026 9:15:04 AM"
"57","SHP-2026-00057","105","1","FedEx","FE760794542","Delivered","7/27/2026 9:15:04 AM","8/1/2026 9:15:04 AM","7/31/2026 9:15:04 AM"
"58","SHP-2026-00058","106","1","Old Dominion","OL698896566","Shipped","7/14/2026 9:15:04 AM","7/19/2026 9:15:04 AM",""
"59","SHP-2026-00059","107","2","XPO Logistics","XP773558804","Shipped","7/7/2026 9:15:04 AM","7/12/2026 9:15:04 AM",""
"60","SHP-2026-00060","110","1","DHL","DH768613930","InTransit","6/9/2026 9:15:04 AM","6/14/2026 9:15:04 AM",""
"61","SHP-2026-00061","111","3","FedEx","FE142771289","InTransit","8/5/2026 9:15:04 AM","8/10/2026 9:15:04 AM",""
"62","SHP-2026-00062","114","1","Old Dominion","OL983057072","Delivered","6/7/2026 9:15:04 AM","6/12/2026 9:15:04 AM","6/11/2026 9:15:04 AM"
"63","SHP-2026-00063","115","2","FedEx","FE133346580","Delivered","7/5/2026 9:15:04 AM","7/10/2026 9:15:04 AM","7/9/2026 9:15:04 AM"
"64","SHP-2026-00064","116","2","Old Dominion","OL303511979","Shipped","7/2/2026 9:15:04 AM","7/7/2026 9:15:04 AM",""
"65","SHP-2026-00065","118","1","Old Dominion","OL680633881","Delivered","9/15/2026 9:15:04 AM","9/20/2026 9:15:04 AM","9/19/2026 9:15:04 AM"
"66","SHP-2026-00066","119","2","XPO Logistics","XP230301073","Shipped","9/12/2026 9:15:04 AM","9/17/2026 9:15:04 AM",""
"67","SHP-2026-00067","120","3","UPS","UP389493405","Delivered","8/25/2026 9:15:04 AM","8/30/2026 9:15:04 AM","8/29/2026 9:15:04 AM"
"68","SHP-2026-00068","122","1","DHL","DH581304646","Delivered","8/21/2026 9:15:04 AM","8/26/2026 9:15:04 AM","8/25/2026 9:15:04 AM"
"69","SHP-2026-00069","123","2","Old Dominion","OL499762962","InTransit","8/19/2026 9:15:04 AM","8/24/2026 9:15:04 AM",""
"70","SHP-2026-00070","124","2","DHL","DH961564349","InTransit","8/29/2026 9:15:04 AM","9/3/2026 9:15:04 AM",""
"71","SHP-2026-00071","127","1","UPS","UP755705968","Shipped","7/14/2026 9:15:04 AM","7/19/2026 9:15:04 AM",""
"72","SHP-2026-00072","129","2","UPS","UP254722157","Delivered","7/6/2026 9:15:04 AM","7/11/2026 9:15:04 AM","7/10/2026 9:15:04 AM"
"73","SHP-2026-00073","131","2","UPS","UP291599632","Delivered","7/24/2026 9:15:04 AM","7/29/2026 9:15:04 AM","7/28/2026 9:15:04 AM"
"74","SHP-2026-00074","132","2","Old Dominion","OL112266991","Shipped","7/15/2026 9:15:04 AM","7/20/2026 9:15:04 AM",""
"75","SHP-2026-00075","135","2","DHL","DH447106005","Shipped","9/16/2026 9:15:04 AM","9/21/2026 9:15:04 AM",""
"76","SHP-2026-00076","136","3","Old Dominion","OL443226882","Shipped","7/18/2026 9:15:04 AM","7/23/2026 9:15:04 AM",""
"77","SHP-2026-00077","137","2","UPS","UP730616311","Shipped","9/14/2026 9:15:04 AM","9/19/2026 9:15:04 AM",""
"78","SHP-2026-00078","138","3","UPS","UP323404127","InTransit","5/26/2026 9:15:04 AM","5/31/2026 9:15:04 AM",""
"79","SHP-2026-00079","139","3","UPS","UP247817611","InTransit","7/24/2026 9:15:04 AM","7/29/2026 9:15:04 AM",""
"80","SHP-2026-00080","140","1","DHL","DH983625004","Delivered","5/29/2026 9:15:04 AM","6/3/2026 9:15:04 AM","6/2/2026 9:15:04 AM"
"81","SHP-2026-00081","141","1","XPO Logistics","XP213792932","Delivered","6/30/2026 9:15:04 AM","7/5/2026 9:15:04 AM","7/4/2026 9:15:04 AM"
"82","SHP-2026-00082","143","3","FedEx","FE439933641","InTransit","6/3/2026 9:15:04 AM","6/8/2026 9:15:04 AM",""
"83","SHP-2026-00083","144","3","XPO Logistics","XP657830324","Shipped","7/22/2026 9:15:04 AM","7/27/2026 9:15:04 AM",""
"84","SHP-2026-00084","145","1","DHL","DH752250453","Delivered","5/26/2026 9:15:04 AM","5/31/2026 9:15:04 AM","5/30/2026 9:15:04 AM"
"85","SHP-2026-00085","146","1","Old Dominion","OL989790396","Delivered","9/3/2026 9:15:04 AM","9/8/2026 9:15:04 AM","9/7/2026 9:15:04 AM"
"86","SHP-2026-00086","147","3","DHL","DH440407414","Shipped","7/13/2026 9:15:04 AM","7/18/2026 9:15:04 AM",""
"87","SHP-2026-00087","150","1","Old Dominion","OL314601772","Delivered","7/13/2026 9:15:04 AM","7/18/2026 9:15:04 AM","7/17/2026 9:15:04 AM"
