InventoryID,ProductID,MaterialID,PlantID,QuantityOnHand,ReorderThreshold,SafetyStock,LastUpdated
1,1,,1,332,469,228,2026-08-29
2,1,,2,228,459,180,2026-08-29
3,1,,3,198,480,180,2026-08-29
4,2,,1,374,643,345,2026-08-29
5,2,,2,194,449,205,2026-08-29
6,2,,3,347,470,335,2026-08-29
7,3,,1,368,552,222,2026-08-29
8,3,,2,151,613,199,2026-08-29
9,3,,3,251,458,242,2026-08-29
10,4,,1,191,477,153,2026-08-29
11,4,,2,373,432,220,2026-08-29
12,4,,3,123,649,163,2026-08-29
13,5,,1,383,474,328,2026-08-29
14,5,,2,164,563,372,2026-08-29
15,5,,3,351,426,373,2026-08-29
16,,1,1,250,2175,591,2026-08-29
17,,1,2,2122,1980,751,2026-08-29
18,,1,3,1595,1377,352,2026-08-29
19,,2,1,1234,1978,416,2026-08-29
20,,2,2,467,1820,803,2026-08-29
21,,2,3,503,2181,354,2026-08-29
22,,3,1,821,1305,876,2026-08-29
23,,3,2,1444,1174,554,2026-08-29
24,,3,3,685,2142,726,2026-08-29
25,,4,1,2683,2220,531,2026-08-29
26,,4,2,2340,1779,761,2026-08-29
27,,4,3,2013,1608,739,2026-08-29
28,,5,1,1450,2164,361,2026-08-29
29,,5,2,2697,1203,512,2026-08-29
30,,5,3,2762,1432,570,2026-08-29
31,,6,1,2905,1166,460,2026-08-29
32,,6,2,1182,1355,865,2026-08-29
33,,6,3,507,1320,302,2026-08-29
34,,7,1,1873,1922,781,2026-08-29
35,,7,2,1392,1066,537,2026-08-29
36,,7,3,1380,2447,589,2026-08-29
37,,8,1,2059,1145,539,2026-08-29
38,,8,2,1283,2280,502,2026-08-29
39,,8,3,1941,1235,857,2026-08-29
40,,9,1,1120,2326,452,2026-08-29
41,,9,2,1288,1291,373,2026-08-29
42,,9,3,444,1339,614,2026-08-29
43,,10,1,2637,2165,595,2026-08-29
44,,10,2,1998,1254,779,2026-08-29
45,,10,3,1445,2433,712,2026-08-29
46,,11,1,1315,2024,852,2026-08-29
47,,11,2,2222,1896,382,2026-08-29
48,,11,3,2649,1081,742,2026-08-29
49,,12,1,1520,2236,556,2026-08-29
50,,12,2,305,1187,534,2026-08-29
51,,12,3,2961,2178,321,2026-08-29
