BatchID,ProductID,PlantID,PrimaryMaterialID,BatchSize,StartDate,EndDate,YieldPercentage,Status
1,4,3,2,16603,2026-07-01,,98.14,OnHold
2,1,1,3,12084,2026-07-23,2026-07-29,92.4,Completed
3,1,2,2,19915,2026-06-26,2026-07-06,90.56,Completed
4,2,2,3,23292,2026-07-06,,92.04,OnHold
5,5,2,5,22118,2026-07-13,2026-07-16,90.05,Completed
6,3,1,1,25557,2026-08-16,2026-08-25,93.02,Completed
7,5,1,4,33577,2026-08-13,2026-08-19,88.02,Completed
8,5,3,2,48531,2026-07-17,2026-07-26,98.59,Completed
9,5,2,1,31764,2026-07-09,2026-07-20,91.75,Completed
10,3,3,2,29847,2026-06-25,,95.79,InProgress
11,2,3,5,5026,2026-07-09,2026-07-18,91.49,Completed
12,2,2,5,33977,2026-08-17,2026-08-25,95.77,Completed
13,5,2,2,46480,2026-06-11,2026-06-18,95.12,Completed
14,1,1,3,8028,2026-06-29,2026-07-05,90.82,Completed
15,4,3,1,42727,2026-07-29,,90.24,Scheduled
16,4,2,4,5363,2026-07-02,,98.27,InProgress
17,1,2,2,41530,2026-06-23,2026-07-04,90.87,Completed
18,1,2,2,44023,2026-07-30,,91.65,OnHold
19,4,3,5,15430,2026-07-25,2026-08-05,96.55,Completed
20,4,2,3,39163,2026-07-02,,93.57,InProgress
21,2,2,4,27010,2026-06-10,2026-06-17,91.68,Completed
22,5,1,2,15014,2026-06-20,2026-06-26,96.12,Completed
23,1,2,4,9080,2026-07-13,2026-07-24,90.38,Completed
24,4,2,5,5386,2026-06-03,2026-06-15,98.84,Completed
25,3,2,4,19453,2026-08-08,,93.61,InProgress
26,3,2,4,49508,2026-06-04,2026-06-13,97.18,Completed
27,2,2,2,30822,2026-08-19,2026-08-30,94.81,Completed
28,1,1,4,22049,2026-06-18,2026-06-28,92.36,Completed
29,2,2,3,32627,2026-07-14,2026-07-23,90.9,Completed
30,1,2,1,27935,2026-08-09,,90.58,OnHold
31,1,3,1,6335,2026-06-04,2026-06-10,95.15,Completed
32,2,1,4,35476,2026-06-15,,96.04,OnHold
33,3,1,5,15732,2026-08-17,,99.09,InProgress
34,1,3,1,29596,2026-07-10,,92.56,InProgress
35,2,1,5,24764,2026-08-20,2026-08-26,97.78,Completed
36,5,1,5,48353,2026-06-06,2026-06-14,92.26,Completed
37,5,3,3,11916,2026-06-02,,92.99,Scheduled
38,3,3,4,39193,2026-06-20,2026-06-29,99.1,Completed
39,3,3,5,43828,2026-08-01,2026-08-11,91.09,Completed
40,2,1,3,42345,2026-07-28,,95.02,InProgress
41,4,2,1,18901,2026-08-03,2026-08-11,92.08,Completed
42,3,2,3,38857,2026-08-16,2026-08-23,98.9,Completed
43,1,1,4,36201,2026-08-02,,95.43,InProgress
44,4,2,1,20945,2026-06-12,2026-06-19,91.52,Completed
45,5,2,4,41070,2026-08-10,2026-08-21,91.8,Completed
