PurchaseOrderID,SupplierID,PlantID,OrderDate,ExpectedDeliveryDate,Status
1,1,3,2026-06-26,2026-07-14,Received
2,1,1,2026-07-25,2026-08-06,PartiallyReceived
3,1,2,2026-07-15,2026-07-31,PartiallyReceived
4,4,1,2026-08-10,2026-08-21,Received
5,2,2,2026-06-11,2026-07-01,PartiallyReceived
6,3,1,2026-07-18,2026-07-30,PartiallyReceived
7,3,3,2026-06-29,2026-07-16,PartiallyReceived
8,3,2,2026-07-05,2026-07-13,PartiallyReceived
9,2,3,2026-08-08,2026-08-19,Received
10,5,2,2026-06-12,2026-07-01,Open
11,2,3,2026-07-25,2026-08-10,Open
12,1,3,2026-06-15,2026-07-02,Received
13,2,2,2026-06-01,2026-06-19,Received
14,3,3,2026-08-04,2026-08-20,PartiallyReceived
15,1,1,2026-07-17,2026-08-07,Cancelled
16,5,1,2026-06-11,2026-06-29,Received
17,4,3,2026-06-22,2026-07-03,Received
18,3,2,2026-08-06,2026-08-20,Open
19,1,3,2026-08-10,2026-08-20,Received
20,1,1,2026-06-09,2026-06-30,Open
21,4,1,2026-08-09,2026-08-18,Received
22,1,1,2026-07-26,2026-08-07,Received
23,4,3,2026-07-14,2026-08-02,Received
24,5,2,2026-06-18,2026-07-01,PartiallyReceived
25,5,1,2026-06-07,2026-06-24,Cancelled
26,2,1,2026-07-23,2026-08-06,Received
27,4,2,2026-07-29,2026-08-09,Received
28,5,3,2026-08-09,2026-08-16,Received
29,4,3,2026-08-07,2026-08-16,Open
30,2,2,2026-06-16,2026-07-07,Received
31,3,1,2026-07-11,2026-07-21,PartiallyReceived
32,1,1,2026-07-29,2026-08-14,Cancelled
33,2,3,2026-07-04,2026-07-13,Cancelled
34,3,1,2026-07-27,2026-08-16,Received
35,1,1,2026-07-04,2026-07-12,Received
36,3,1,2026-07-04,2026-07-19,Received
37,4,2,2026-06-06,2026-06-13,PartiallyReceived
38,5,3,2026-07-25,2026-08-09,Open
39,1,2,2026-08-10,2026-08-19,Received
40,1,2,2026-06-27,2026-07-14,PartiallyReceived
