PurchaseOrderItemID,PurchaseOrderID,MaterialID,QuantityOrdered,QuantityReceived,UnitPrice,LineTotal
1,1,11,501,501,1.13,566.13
2,1,11,1256,1256,1.13,1419.28
3,1,11,1707,1707,1.13,1928.91
4,2,11,259,92,1.13,292.67
5,3,11,1148,430,1.13,1297.24
6,4,9,1232,1232,2.14,2636.48
7,4,8,1492,1492,0.48,716.16
8,4,2,143,143,4.95,707.85
9,5,12,619,354,2.55,1578.45
10,6,6,1297,883,3.4,4409.8
11,6,6,384,221,3.4,1305.6
12,7,6,1733,553,3.4,5892.2
13,8,7,485,336,4.47,2167.95
14,8,7,1861,1579,4.47,8318.67
15,8,7,342,156,4.47,1528.74
16,9,12,791,791,2.55,2017.05
17,9,3,333,333,34.45,11471.85
18,10,1,1335,0,77.45,103395.75
19,11,12,1133,0,2.55,2889.15
20,11,12,1183,0,2.55,3016.65
21,12,11,278,278,1.13,314.14
22,12,11,940,940,1.13,1062.2
23,13,3,1089,1089,34.45,37516.05
24,13,3,1832,1832,34.45,63112.4
25,14,6,1154,1006,3.4,3923.6
26,14,6,1276,630,3.4,4338.4
27,15,4,168,0,28.34,4761.12
28,15,4,1848,0,28.34,52372.32
29,16,1,312,312,77.45,24164.4
30,17,10,483,483,0.2,96.6
31,17,8,1510,1510,0.48,724.8
32,17,9,867,867,2.14,1855.38
33,18,6,742,0,3.4,2522.8
34,19,4,1499,1499,28.34,42481.66
35,20,4,1102,0,28.34,31230.68
36,20,4,620,0,28.34,17570.8
37,21,10,547,547,0.2,109.4
38,21,10,1703,1703,0.2,340.6
39,21,10,439,439,0.2,87.8
40,22,4,1429,1429,28.34,40497.86
41,22,4,174,174,28.34,4931.16
42,23,8,439,439,0.48,210.72
43,24,1,1840,1571,77.45,142508.0
44,24,5,1704,1391,88.9,151485.6
45,25,1,1947,0,77.45,150795.15
46,26,3,387,387,34.45,13332.15
47,26,12,54,54,2.55,137.7
48,27,10,367,367,0.2,73.4
49,27,8,657,657,0.48,315.36
50,27,8,169,169,0.48,81.12
51,28,1,1246,1246,77.45,96502.7
52,29,2,1793,0,4.95,8875.35
53,29,8,190,0,0.48,91.2
54,29,2,1432,0,4.95,7088.4
55,30,3,1318,1318,34.45,45405.1
56,30,3,908,908,34.45,31280.6
57,30,12,1964,1964,2.55,5008.2
58,31,7,986,482,4.47,4407.42
59,32,4,1151,0,28.34,32619.34
60,33,3,806,0,34.45,27766.7
61,34,6,1417,1417,3.4,4817.8
62,34,7,1958,1958,4.47,8752.26
63,35,4,607,607,28.34,17202.38
64,35,11,1288,1288,1.13,1455.44
65,35,4,1519,1519,28.34,43048.46
66,36,6,1349,1349,3.4,4586.6
67,37,9,380,283,2.14,813.2
68,38,1,1167,0,77.45,90384.15
69,39,11,796,796,1.13,899.48
70,40,11,1647,1047,1.13,1861.11
