DateKey,FullDate,Year,Quarter,Month,MonthName,Day
20260601,2026-06-01,2026,2,6,June,1
20260602,2026-06-02,2026,2,6,June,2
20260603,2026-06-03,2026,2,6,June,3
20260604,2026-06-04,2026,2,6,June,4
20260605,2026-06-05,2026,2,6,June,5
20260606,2026-06-06,2026,2,6,June,6
20260607,2026-06-07,2026,2,6,June,7
20260608,2026-06-08,2026,2,6,June,8
20260609,2026-06-09,2026,2,6,June,9
20260610,2026-06-10,2026,2,6,June,10
20260611,2026-06-11,2026,2,6,June,11
20260612,2026-06-12,2026,2,6,June,12
20260613,2026-06-13,2026,2,6,June,13
20260614,2026-06-14,2026,2,6,June,14
20260615,2026-06-15,2026,2,6,June,15
20260616,2026-06-16,2026,2,6,June,16
20260617,2026-06-17,2026,2,6,June,17
20260618,2026-06-18,2026,2,6,June,18
20260619,2026-06-19,2026,2,6,June,19
20260620,2026-06-20,2026,2,6,June,20
20260621,2026-06-21,2026,2,6,June,21
20260622,2026-06-22,2026,2,6,June,22
20260623,2026-06-23,2026,2,6,June,23
20260624,2026-06-24,2026,2,6,June,24
20260625,2026-06-25,2026,2,6,June,25
20260626,2026-06-26,2026,2,6,June,26
20260627,2026-06-27,2026,2,6,June,27
20260628,2026-06-28,2026,2,6,June,28
20260629,2026-06-29,2026,2,6,June,29
20260630,2026-06-30,2026,2,6,June,30
20260701,2026-07-01,2026,3,7,July,1
20260702,2026-07-02,2026,3,7,July,2
20260703,2026-07-03,2026,3,7,July,3
20260704,2026-07-04,2026,3,7,July,4
20260705,2026-07-05,2026,3,7,July,5
20260706,2026-07-06,2026,3,7,July,6
20260707,2026-07-07,2026,3,7,July,7
20260708,2026-07-08,2026,3,7,July,8
20260709,2026-07-09,2026,3,7,July,9
20260710,2026-07-10,2026,3,7,July,10
20260711,2026-07-11,2026,3,7,July,11
20260712,2026-07-12,2026,3,7,July,12
20260713,2026-07-13,2026,3,7,July,13
20260714,2026-07-14,2026,3,7,July,14
20260715,2026-07-15,2026,3,7,July,15
20260716,2026-07-16,2026,3,7,July,16
20260717,2026-07-17,2026,3,7,July,17
20260718,2026-07-18,2026,3,7,July,18
20260719,2026-07-19,2026,3,7,July,19
20260720,2026-07-20,2026,3,7,July,20
20260721,2026-07-21,2026,3,7,July,21
20260722,2026-07-22,2026,3,7,July,22
20260723,2026-07-23,2026,3,7,July,23
20260724,2026-07-24,2026,3,7,July,24
20260725,2026-07-25,2026,3,7,July,25
20260726,2026-07-26,2026,3,7,July,26
20260727,2026-07-27,2026,3,7,July,27
20260728,2026-07-28,2026,3,7,July,28
20260729,2026-07-29,2026,3,7,July,29
20260730,2026-07-30,2026,3,7,July,30
20260731,2026-07-31,2026,3,7,July,31
20260801,2026-08-01,2026,3,8,August,1
20260802,2026-08-02,2026,3,8,August,2
20260803,2026-08-03,2026,3,8,August,3
20260804,2026-08-04,2026,3,8,August,4
20260805,2026-08-05,2026,3,8,August,5
20260806,2026-08-06,2026,3,8,August,6
20260807,2026-08-07,2026,3,8,August,7
20260808,2026-08-08,2026,3,8,August,8
20260809,2026-08-09,2026,3,8,August,9
20260810,2026-08-10,2026,3,8,August,10
20260811,2026-08-11,2026,3,8,August,11
20260812,2026-08-12,2026,3,8,August,12
20260813,2026-08-13,2026,3,8,August,13
20260814,2026-08-14,2026,3,8,August,14
20260815,2026-08-15,2026,3,8,August,15
20260816,2026-08-16,2026,3,8,August,16
20260817,2026-08-17,2026,3,8,August,17
20260818,2026-08-18,2026,3,8,August,18
20260819,2026-08-19,2026,3,8,August,19
20260820,2026-08-20,2026,3,8,August,20
20260821,2026-08-21,2026,3,8,August,21
20260822,2026-08-22,2026,3,8,August,22
20260823,2026-08-23,2026,3,8,August,23
20260824,2026-08-24,2026,3,8,August,24
20260825,2026-08-25,2026,3,8,August,25
20260826,2026-08-26,2026,3,8,August,26
20260827,2026-08-27,2026,3,8,August,27
20260828,2026-08-28,2026,3,8,August,28
20260829,2026-08-29,2026,3,8,August,29
