FactID,DateKey,ShipmentID,BatchID,ProductID,PlantID,DestinationLocationID,Quantity,DeliveryDays,Status
1,20260702,1,38,3,3,4,4751,4,Delivered
2,20260824,2,45,5,2,6,4528,8,Delivered
3,20260727,3,23,1,2,6,1356,7,Delivered
4,20260709,4,14,1,1,6,3780,6,Delivered
5,20260627,5,22,5,1,1,3811,7,Delivered
6,20260615,6,31,1,3,2,4747,2,Delivered
7,20260702,7,28,1,1,2,2687,2,Delivered
8,20260824,8,45,5,2,1,736,9,Delivered
9,20260828,9,35,2,1,5,3842,2,Delivered
10,20260719,10,11,2,3,6,1761,3,Delivered
11,20260824,11,45,5,2,4,4452,6,Delivered
12,20260722,12,11,2,3,2,4663,8,Delivered
13,20260824,13,42,3,2,3,4659,8,Delivered
14,20260812,14,41,4,2,5,4511,6,Delivered
15,20260701,15,22,5,1,5,4951,7,Delivered
16,20260629,16,22,5,1,6,2456,,InTransit
17,20260722,17,11,2,3,6,3623,9,Delivered
18,20260612,18,31,1,3,2,4614,2,Delivered
19,20260824,19,42,3,2,4,1316,,InTransit
20,20260731,20,2,1,1,1,4346,4,Delivered
21,20260710,21,14,1,1,3,4871,3,Delivered
22,20260709,22,14,1,1,1,1060,,InTransit
23,20260726,23,29,2,2,6,1240,,Delayed
24,20260826,24,6,3,1,1,876,6,Delivered
25,20260812,25,39,3,3,4,1692,7,Delivered
26,20260619,26,24,4,2,2,1934,4,Delivered
27,20260702,27,28,1,1,4,1672,5,Delivered
28,20260629,28,22,5,1,4,2856,2,Delivered
29,20260720,29,5,5,2,5,2950,,Delayed
30,20260829,30,35,2,1,2,3651,6,Delivered
31,20260827,31,6,3,1,5,2923,7,Delivered
32,20260802,32,2,1,1,5,4569,2,Delivered
33,20260701,33,38,3,3,2,2057,7,Delivered
34,20260612,34,31,1,3,3,4111,2,Delivered
35,20260902,35,27,2,2,1,2917,,InTransit
36,20260618,36,36,5,1,5,3497,4,Delivered
37,20260813,37,41,4,2,3,3274,9,Delivered
38,20260627,38,22,5,1,6,3755,5,Delivered
39,20260720,39,5,5,2,1,4225,10,Delivered
40,20260613,40,31,1,3,1,2415,7,Delivered
41,20260803,41,2,1,1,5,3187,,InTransit
42,20260724,42,29,2,2,6,2975,9,Delivered
43,20260827,43,6,3,1,3,4535,2,Delivered
44,20260827,44,6,3,1,2,3683,,InTransit
45,20260709,45,17,1,2,4,1311,4,Delivered
46,20260702,46,28,1,1,3,768,,Delayed
47,20260724,47,9,5,2,3,1313,5,Delivered
48,20260616,48,26,3,2,2,1500,6,Delivered
49,20260718,49,5,5,2,1,3232,2,Delivered
50,20260824,50,7,5,1,2,2269,10,Delivered
51,20260707,51,14,1,1,5,523,,InTransit
52,20260825,52,42,3,2,5,2553,,Delayed
53,20260826,53,6,3,1,2,3152,7,Delivered
54,20260729,54,8,5,3,5,1431,8,Delivered
55,20260728,55,23,1,2,5,1393,,InTransit
56,20260617,56,24,4,2,1,4771,,Delayed
57,20260627,57,22,5,1,4,3992,9,Delivered
58,20260728,58,23,1,2,3,1715,3,Delivered
59,20260822,59,7,5,1,6,3163,10,Delivered
60,20260703,60,28,1,1,5,4024,10,Delivered
