FactID,DateKey,BatchID,ProductID,PlantID,MaterialID,BatchSize,YieldPercentage,DurationDays,Status
1,20260701,1,4,3,2,16603,98.14,,OnHold
2,20260723,2,1,1,3,12084,92.4,6,Completed
3,20260626,3,1,2,2,19915,90.56,10,Completed
4,20260706,4,2,2,3,23292,92.04,,OnHold
5,20260713,5,5,2,5,22118,90.05,3,Completed
6,20260816,6,3,1,1,25557,93.02,9,Completed
7,20260813,7,5,1,4,33577,88.02,6,Completed
8,20260717,8,5,3,2,48531,98.59,9,Completed
9,20260709,9,5,2,1,31764,91.75,11,Completed
10,20260625,10,3,3,2,29847,95.79,,InProgress
11,20260709,11,2,3,5,5026,91.49,9,Completed
12,20260817,12,2,2,5,33977,95.77,8,Completed
13,20260611,13,5,2,2,46480,95.12,7,Completed
14,20260629,14,1,1,3,8028,90.82,6,Completed
15,20260729,15,4,3,1,42727,90.24,,Scheduled
16,20260702,16,4,2,4,5363,98.27,,InProgress
17,20260623,17,1,2,2,41530,90.87,11,Completed
18,20260730,18,1,2,2,44023,91.65,,OnHold
19,20260725,19,4,3,5,15430,96.55,11,Completed
20,20260702,20,4,2,3,39163,93.57,,InProgress
21,20260610,21,2,2,4,27010,91.68,7,Completed
22,20260620,22,5,1,2,15014,96.12,6,Completed
23,20260713,23,1,2,4,9080,90.38,11,Completed
24,20260603,24,4,2,5,5386,98.84,12,Completed
25,20260808,25,3,2,4,19453,93.61,,InProgress
26,20260604,26,3,2,4,49508,97.18,9,Completed
27,20260819,27,2,2,2,30822,94.81,11,Completed
28,20260618,28,1,1,4,22049,92.36,10,Completed
29,20260714,29,2,2,3,32627,90.9,9,Completed
30,20260809,30,1,2,1,27935,90.58,,OnHold
31,20260604,31,1,3,1,6335,95.15,6,Completed
32,20260615,32,2,1,4,35476,96.04,,OnHold
33,20260817,33,3,1,5,15732,99.09,,InProgress
34,20260710,34,1,3,1,29596,92.56,,InProgress
35,20260820,35,2,1,5,24764,97.78,6,Completed
36,20260606,36,5,1,5,48353,92.26,8,Completed
37,20260602,37,5,3,3,11916,92.99,,Scheduled
38,20260620,38,3,3,4,39193,99.1,9,Completed
39,20260801,39,3,3,5,43828,91.09,10,Completed
40,20260728,40,2,1,3,42345,95.02,,InProgress
41,20260803,41,4,2,1,18901,92.08,8,Completed
42,20260816,42,3,2,3,38857,98.9,7,Completed
43,20260802,43,1,1,4,36201,95.43,,InProgress
44,20260612,44,4,2,1,20945,91.52,7,Completed
45,20260810,45,5,2,4,41070,91.8,11,Completed
