FactID,DateKey,InspectionID,BatchID,ProductID,PlantID,Result,DefectCount
1,20260705,1,1,4,3,Pass,0
2,20260730,2,2,1,1,Conditional,24
3,20260707,3,3,1,2,Conditional,15
4,20260709,4,4,2,2,Conditional,11
5,20260717,5,5,5,2,Conditional,14
6,20260826,6,6,3,1,Pass,0
7,20260820,7,7,5,1,Pass,0
8,20260727,8,8,5,3,Pass,0
9,20260721,9,9,5,2,Pass,0
10,20260628,10,10,3,3,Pass,0
11,20260719,11,11,2,3,Pass,0
12,20260826,12,12,2,2,Pass,0
13,20260619,13,13,5,2,Conditional,2
14,20260706,14,14,1,1,Pass,0
15,20260801,15,15,4,3,Pass,0
16,20260706,16,16,4,2,Pass,0
17,20260705,17,17,1,2,Conditional,10
18,20260803,18,18,1,2,Pass,0
19,20260806,19,19,4,3,Pass,0
20,20260706,20,20,4,2,Pass,0
21,20260618,21,21,2,2,Pass,0
22,20260627,22,22,5,1,Pass,0
23,20260725,23,23,1,2,Pass,0
24,20260616,24,24,4,2,Pass,0
25,20260812,25,25,3,2,Conditional,20
26,20260614,26,26,3,2,Pass,0
27,20260831,27,27,2,2,Pass,0
28,20260629,28,28,1,1,Pass,0
29,20260724,29,29,2,2,Pass,0
30,20260810,30,30,1,2,Conditional,1
31,20260611,31,31,1,3,Pass,0
32,20260617,32,32,2,1,Pass,0
33,20260820,33,33,3,1,Pass,0
34,20260712,34,34,1,3,Pass,0
35,20260827,35,35,2,1,Pass,0
36,20260615,36,36,5,1,Pass,0
37,20260604,37,37,5,3,Pass,0
38,20260630,38,38,3,3,Pass,0
39,20260812,39,39,3,3,Pass,0
40,20260729,40,40,2,1,Pass,0
41,20260812,41,41,4,2,Pass,0
42,20260824,42,42,3,2,Pass,0
43,20260804,43,43,1,1,Pass,0
44,20260620,44,44,4,2,Pass,0
45,20260822,45,45,5,2,Pass,0
