FactID,DateKey,PurchaseOrderID,SupplierID,MaterialID,PlantID,QuantityOrdered,QuantityReceived,UnitPrice,LineTotal,LeadTimeDays
1,20260626,1,1,11,3,501,501,1.13,566.13,18
2,20260626,1,1,11,3,1256,1256,1.13,1419.28,18
3,20260626,1,1,11,3,1707,1707,1.13,1928.91,18
4,20260725,2,1,11,1,259,92,1.13,292.67,12
5,20260715,3,1,11,2,1148,430,1.13,1297.24,16
6,20260810,4,4,9,1,1232,1232,2.14,2636.48,11
7,20260810,4,4,8,1,1492,1492,0.48,716.16,11
8,20260810,4,4,2,1,143,143,4.95,707.85,11
9,20260611,5,2,12,2,619,354,2.55,1578.45,20
10,20260718,6,3,6,1,1297,883,3.4,4409.8,12
11,20260718,6,3,6,1,384,221,3.4,1305.6,12
12,20260629,7,3,6,3,1733,553,3.4,5892.2,17
13,20260705,8,3,7,2,485,336,4.47,2167.95,8
14,20260705,8,3,7,2,1861,1579,4.47,8318.67,8
15,20260705,8,3,7,2,342,156,4.47,1528.74,8
16,20260808,9,2,12,3,791,791,2.55,2017.05,11
17,20260808,9,2,3,3,333,333,34.45,11471.85,11
18,20260612,10,5,1,2,1335,0,77.45,103395.75,19
19,20260725,11,2,12,3,1133,0,2.55,2889.15,16
20,20260725,11,2,12,3,1183,0,2.55,3016.65,16
21,20260615,12,1,11,3,278,278,1.13,314.14,17
22,20260615,12,1,11,3,940,940,1.13,1062.2,17
23,20260601,13,2,3,2,1089,1089,34.45,37516.05,18
24,20260601,13,2,3,2,1832,1832,34.45,63112.4,18
25,20260804,14,3,6,3,1154,1006,3.4,3923.6,16
26,20260804,14,3,6,3,1276,630,3.4,4338.4,16
27,20260717,15,1,4,1,168,0,28.34,4761.12,21
28,20260717,15,1,4,1,1848,0,28.34,52372.32,21
29,20260611,16,5,1,1,312,312,77.45,24164.4,18
30,20260622,17,4,10,3,483,483,0.2,96.6,11
31,20260622,17,4,8,3,1510,1510,0.48,724.8,11
32,20260622,17,4,9,3,867,867,2.14,1855.38,11
33,20260806,18,3,6,2,742,0,3.4,2522.8,14
34,20260810,19,1,4,3,1499,1499,28.34,42481.66,10
35,20260609,20,1,4,1,1102,0,28.34,31230.68,21
36,20260609,20,1,4,1,620,0,28.34,17570.8,21
37,20260809,21,4,10,1,547,547,0.2,109.4,9
38,20260809,21,4,10,1,1703,1703,0.2,340.6,9
39,20260809,21,4,10,1,439,439,0.2,87.8,9
40,20260726,22,1,4,1,1429,1429,28.34,40497.86,12
41,20260726,22,1,4,1,174,174,28.34,4931.16,12
42,20260714,23,4,8,3,439,439,0.48,210.72,19
43,20260618,24,5,1,2,1840,1571,77.45,142508.0,13
44,20260618,24,5,5,2,1704,1391,88.9,151485.6,13
45,20260607,25,5,1,1,1947,0,77.45,150795.15,17
46,20260723,26,2,3,1,387,387,34.45,13332.15,14
47,20260723,26,2,12,1,54,54,2.55,137.7,14
48,20260729,27,4,10,2,367,367,0.2,73.4,11
49,20260729,27,4,8,2,657,657,0.48,315.36,11
50,20260729,27,4,8,2,169,169,0.48,81.12,11
51,20260809,28,5,1,3,1246,1246,77.45,96502.7,7
52,20260807,29,4,2,3,1793,0,4.95,8875.35,9
53,20260807,29,4,8,3,190,0,0.48,91.2,9
54,20260807,29,4,2,3,1432,0,4.95,7088.4,9
55,20260616,30,2,3,2,1318,1318,34.45,45405.1,21
56,20260616,30,2,3,2,908,908,34.45,31280.6,21
57,20260616,30,2,12,2,1964,1964,2.55,5008.2,21
58,20260711,31,3,7,1,986,482,4.47,4407.42,10
59,20260729,32,1,4,1,1151,0,28.34,32619.34,16
60,20260704,33,2,3,3,806,0,34.45,27766.7,9
61,20260727,34,3,6,1,1417,1417,3.4,4817.8,20
62,20260727,34,3,7,1,1958,1958,4.47,8752.26,20
63,20260704,35,1,4,1,607,607,28.34,17202.38,8
64,20260704,35,1,11,1,1288,1288,1.13,1455.44,8
65,20260704,35,1,4,1,1519,1519,28.34,43048.46,8
66,20260704,36,3,6,1,1349,1349,3.4,4586.6,15
67,20260606,37,4,9,2,380,283,2.14,813.2,7
68,20260725,38,5,1,3,1167,0,77.45,90384.15,15
69,20260810,39,1,11,2,796,796,1.13,899.48,9
70,20260627,40,1,11,2,1647,1047,1.13,1861.11,17
