"SalesID","CustomerID","ProductID","PlantID","SalesDate","UnitsSold","TotalRevenue","Region"
"1","11","3","2","6/1/2026 12:00:00 AM","180","3978","East US"
"2","8","4","1","6/1/2026 12:00:00 AM","733","32985","West US"
"3","3","4","2","6/1/2026 12:00:00 AM","470","21150","East US"
"4","11","5","1","6/1/2026 12:00:00 AM","146","1401.6","West US"
"5","7","5","2","6/1/2026 12:00:00 AM","891","8553.6","East US"
"6","3","2","2","6/2/2026 12:00:00 AM","473","8703.2","East US"
"7","10","3","2","6/2/2026 12:00:00 AM","818","18077.8","East US"
"8","1","3","3","6/2/2026 12:00:00 AM","763","16862.3","Europe"
"9","4","4","2","6/2/2026 12:00:00 AM","646","29070","East US"
"10","18","4","3","6/2/2026 12:00:00 AM","267","12015","Europe"
"11","12","5","3","6/2/2026 12:00:00 AM","804","7718.4","Europe"
"12","16","1","2","6/3/2026 12:00:00 AM","886","11296.5","East US"
"13","1","1","3","6/3/2026 12:00:00 AM","334","4258.5","Europe"
"14","1","2","1","6/3/2026 12:00:00 AM","423","7783.2","West US"
"15","14","3","1","6/3/2026 12:00:00 AM","680","15028","West US"
"16","24","3","2","6/3/2026 12:00:00 AM","422","9326.2","East US"
"17","18","4","2","6/3/2026 12:00:00 AM","758","34110","East US"
"18","19","1","3","6/4/2026 12:00:00 AM","508","6477","Europe"
"19","21","2","2","6/4/2026 12:00:00 AM","241","4434.4","East US"
"20","14","4","1","6/4/2026 12:00:00 AM","796","35820","West US"
"21","6","5","2","6/4/2026 12:00:00 AM","641","6153.6","East US"
"22","1","1","2","6/5/2026 12:00:00 AM","796","10149","East US"
"23","9","1","3","6/5/2026 12:00:00 AM","798","10174.5","Europe"
"24","19","2","1","6/5/2026 12:00:00 AM","868","15971.2","West US"
"25","11","2","3","6/5/2026 12:00:00 AM","214","3937.6","Europe"
"26","5","4","1","6/5/2026 12:00:00 AM","836","37620","West US"
"27","25","5","2","6/5/2026 12:00:00 AM","740","7104","East US"
"28","24","1","1","6/6/2026 12:00:00 AM","723","9218.25","West US"
"29","5","2","2","6/6/2026 12:00:00 AM","643","11831.2","East US"
"30","20","2","3","6/6/2026 12:00:00 AM","713","13119.2","Europe"
"31","21","3","3","6/6/2026 12:00:00 AM","414","9149.4","Europe"
"32","3","5","2","6/6/2026 12:00:00 AM","170","1632","East US"
"33","1","5","3","6/6/2026 12:00:00 AM","645","6192","Europe"
"34","3","1","1","6/7/2026 12:00:00 AM","231","2945.25","West US"
"35","15","1","2","6/7/2026 12:00:00 AM","662","8440.5","East US"
"36","5","2","2","6/7/2026 12:00:00 AM","316","5814.4","East US"
"37","18","2","3","6/7/2026 12:00:00 AM","873","16063.2","Europe"
"38","22","3","1","6/7/2026 12:00:00 AM","305","6740.5","West US"
"39","24","3","2","6/7/2026 12:00:00 AM","508","11226.8","East US"
"40","7","3","3","6/7/2026 12:00:00 AM","765","16906.5","Europe"
"41","20","4","2","6/7/2026 12:00:00 AM","562","25290","East US"
"42","13","2","1","6/8/2026 12:00:00 AM","334","6145.6","West US"
"43","5","4","3","6/8/2026 12:00:00 AM","684","30780","Europe"
"44","24","1","3","6/9/2026 12:00:00 AM","462","5890.5","Europe"
"45","3","2","3","6/9/2026 12:00:00 AM","789","14517.6","Europe"
"46","4","3","1","6/9/2026 12:00:00 AM","761","16818.1","West US"
"47","8","4","2","6/9/2026 12:00:00 AM","354","15930","East US"
"48","1","1","2","6/10/2026 12:00:00 AM","177","2256.75","East US"
"49","9","2","1","6/10/2026 12:00:00 AM","663","12199.2","West US"
"50","9","2","3","6/10/2026 12:00:00 AM","653","12015.2","Europe"
"51","5","3","1","6/10/2026 12:00:00 AM","195","4309.5","West US"
"52","5","3","2","6/10/2026 12:00:00 AM","342","7558.2","East US"
"53","15","5","3","6/10/2026 12:00:00 AM","371","3561.6","Europe"
"54","20","1","1","6/11/2026 12:00:00 AM","565","7203.75","West US"
"55","25","1","3","6/11/2026 12:00:00 AM","848","10812","Europe"
"56","10","2","1","6/11/2026 12:00:00 AM","669","12309.6","West US"
"57","25","2","2","6/11/2026 12:00:00 AM","598","11003.2","East US"
"58","10","3","2","6/11/2026 12:00:00 AM","693","15315.3","East US"
"59","1","3","3","6/11/2026 12:00:00 AM","162","3580.2","Europe"
"60","3","4","1","6/11/2026 12:00:00 AM","158","7110","West US"
"61","4","5","1","6/11/2026 12:00:00 AM","643","6172.8","West US"
"62","12","5","3","6/11/2026 12:00:00 AM","182","1747.2","Europe"
"63","21","1","1","6/12/2026 12:00:00 AM","170","2167.5","West US"
"64","10","1","3","6/12/2026 12:00:00 AM","340","4335","Europe"
"65","23","2","2","6/12/2026 12:00:00 AM","683","12567.2","East US"
"66","10","3","2","6/12/2026 12:00:00 AM","529","11690.9","East US"
"67","16","3","3","6/12/2026 12:00:00 AM","678","14983.8","Europe"
"68","24","4","2","6/12/2026 12:00:00 AM","309","13905","East US"
"69","11","4","3","6/12/2026 12:00:00 AM","421","18945","Europe"
"70","9","5","3","6/12/2026 12:00:00 AM","407","3907.2","Europe"
"71","7","1","2","6/13/2026 12:00:00 AM","174","2218.5","East US"
"72","22","2","1","6/13/2026 12:00:00 AM","676","12438.4","West US"
"73","20","2","2","6/13/2026 12:00:00 AM","175","3220","East US"
"74","15","1","1","6/14/2026 12:00:00 AM","769","9804.75","West US"
"75","20","1","3","6/14/2026 12:00:00 AM","667","8504.25","Europe"
"76","19","2","2","6/14/2026 12:00:00 AM","237","4360.8","East US"
"77","21","3","1","6/14/2026 12:00:00 AM","860","19006","West US"
"78","10","4","1","6/14/2026 12:00:00 AM","834","37530","West US"
"79","17","4","3","6/14/2026 12:00:00 AM","370","16650","Europe"
"80","7","5","3","6/14/2026 12:00:00 AM","152","1459.2","Europe"
"81","23","2","2","6/15/2026 12:00:00 AM","752","13836.8","East US"
"82","24","2","3","6/15/2026 12:00:00 AM","265","4876","Europe"
"83","15","3","1","6/15/2026 12:00:00 AM","664","14674.4","West US"
"84","21","3","2","6/15/2026 12:00:00 AM","674","14895.4","East US"
"85","15","4","2","6/15/2026 12:00:00 AM","252","11340","East US"
"86","17","5","1","6/15/2026 12:00:00 AM","696","6681.6","West US"
"87","14","1","3","6/16/2026 12:00:00 AM","140","1785","Europe"
"88","7","2","1","6/16/2026 12:00:00 AM","315","5796","West US"
"89","3","2","2","6/16/2026 12:00:00 AM","782","14388.8","East US"
"90","6","3","1","6/16/2026 12:00:00 AM","516","11403.6","West US"
"91","6","3","2","6/16/2026 12:00:00 AM","867","19160.7","East US"
"92","8","4","1","6/16/2026 12:00:00 AM","266","11970","West US"
"93","22","4","2","6/16/2026 12:00:00 AM","281","12645","East US"
"94","22","4","3","6/16/2026 12:00:00 AM","125","5625","Europe"
"95","3","5","2","6/16/2026 12:00:00 AM","521","5001.6","East US"
"96","9","5","3","6/16/2026 12:00:00 AM","852","8179.2","Europe"
"97","17","1","1","6/17/2026 12:00:00 AM","373","4755.75","West US"
"98","21","1","3","6/17/2026 12:00:00 AM","491","6260.25","Europe"
"99","2","2","1","6/17/2026 12:00:00 AM","581","10690.4","West US"
"100","19","2","3","6/17/2026 12:00:00 AM","571","10506.4","Europe"
"101","14","3","2","6/17/2026 12:00:00 AM","333","7359.3","East US"
"102","9","4","1","6/17/2026 12:00:00 AM","508","22860","West US"
"103","15","4","3","6/17/2026 12:00:00 AM","891","40095","Europe"
"104","25","5","2","6/17/2026 12:00:00 AM","509","4886.4","East US"
"105","2","5","3","6/17/2026 12:00:00 AM","649","6230.4","Europe"
"106","9","1","3","6/18/2026 12:00:00 AM","367","4679.25","Europe"
"107","10","2","2","6/18/2026 12:00:00 AM","371","6826.4","East US"
"108","1","3","3","6/18/2026 12:00:00 AM","546","12066.6","Europe"
"109","1","4","1","6/18/2026 12:00:00 AM","623","28035","West US"
"110","7","4","3","6/18/2026 12:00:00 AM","294","13230","Europe"
"111","15","5","2","6/18/2026 12:00:00 AM","101","969.6","East US"
"112","15","1","1","6/19/2026 12:00:00 AM","803","10238.25","West US"
"113","19","1","2","6/19/2026 12:00:00 AM","859","10952.25","East US"
"114","19","1","3","6/19/2026 12:00:00 AM","301","3837.75","Europe"
"115","5","2","3","6/19/2026 12:00:00 AM","438","8059.2","Europe"
"116","5","3","1","6/19/2026 12:00:00 AM","779","17215.9","West US"
"117","22","3","2","6/19/2026 12:00:00 AM","837","18497.7","East US"
"118","25","3","3","6/19/2026 12:00:00 AM","619","13679.9","Europe"
"119","21","1","1","6/20/2026 12:00:00 AM","793","10110.75","West US"
"120","6","1","2","6/20/2026 12:00:00 AM","278","3544.5","East US"
"121","21","1","3","6/20/2026 12:00:00 AM","408","5202","Europe"
"122","9","2","2","6/20/2026 12:00:00 AM","411","7562.4","East US"
"123","22","3","3","6/20/2026 12:00:00 AM","576","12729.6","Europe"
"124","6","4","2","6/20/2026 12:00:00 AM","623","28035","East US"
"125","4","5","1","6/20/2026 12:00:00 AM","853","8188.8","West US"
"126","24","1","2","6/21/2026 12:00:00 AM","443","5648.25","East US"
"127","25","2","1","6/21/2026 12:00:00 AM","340","6256","West US"
"128","24","2","2","6/21/2026 12:00:00 AM","330","6072","East US"
"129","12","2","3","6/21/2026 12:00:00 AM","250","4600","Europe"
"130","11","4","1","6/21/2026 12:00:00 AM","174","7830","West US"
"131","3","4","3","6/21/2026 12:00:00 AM","689","31005","Europe"
"132","1","5","2","6/21/2026 12:00:00 AM","606","5817.6","East US"
"133","9","1","2","6/22/2026 12:00:00 AM","868","11067","East US"
"134","24","1","3","6/22/2026 12:00:00 AM","209","2664.75","Europe"
"135","19","2","1","6/22/2026 12:00:00 AM","324","5961.6","West US"
"136","14","2","3","6/22/2026 12:00:00 AM","630","11592","Europe"
"137","9","3","3","6/22/2026 12:00:00 AM","224","4950.4","Europe"
"138","15","4","2","6/22/2026 12:00:00 AM","783","35235","East US"
"139","20","5","3","6/22/2026 12:00:00 AM","553","5308.8","Europe"
"140","6","1","1","6/23/2026 12:00:00 AM","836","10659","West US"
"141","7","1","2","6/23/2026 12:00:00 AM","536","6834","East US"
"142","14","1","3","6/23/2026 12:00:00 AM","661","8427.75","Europe"
"143","6","2","3","6/23/2026 12:00:00 AM","560","10304","Europe"
"144","22","3","3","6/23/2026 12:00:00 AM","884","19536.4","Europe"
"145","17","4","1","6/23/2026 12:00:00 AM","596","26820","West US"
"146","17","4","2","6/23/2026 12:00:00 AM","381","17145","East US"
"147","15","5","1","6/23/2026 12:00:00 AM","340","3264","West US"
"148","4","2","1","6/24/2026 12:00:00 AM","823","15143.2","West US"
"149","17","4","1","6/24/2026 12:00:00 AM","498","22410","West US"
"150","23","4","2","6/24/2026 12:00:00 AM","698","31410","East US"
"151","12","4","3","6/24/2026 12:00:00 AM","120","5400","Europe"
"152","17","5","1","6/24/2026 12:00:00 AM","883","8476.8","West US"
"153","1","1","1","6/25/2026 12:00:00 AM","405","5163.75","West US"
"154","21","1","2","6/25/2026 12:00:00 AM","529","6744.75","East US"
"155","23","2","1","6/25/2026 12:00:00 AM","717","13192.8","West US"
"156","5","2","2","6/25/2026 12:00:00 AM","599","11021.6","East US"
"157","13","4","1","6/25/2026 12:00:00 AM","514","23130","West US"
"158","10","4","2","6/25/2026 12:00:00 AM","578","26010","East US"
"159","22","4","3","6/25/2026 12:00:00 AM","737","33165","Europe"
"160","3","5","2","6/25/2026 12:00:00 AM","706","6777.6","East US"
"161","9","1","2","6/26/2026 12:00:00 AM","238","3034.5","East US"
"162","12","1","3","6/26/2026 12:00:00 AM","286","3646.5","Europe"
"163","14","3","2","6/26/2026 12:00:00 AM","488","10784.8","East US"
"164","15","4","1","6/26/2026 12:00:00 AM","531","23895","West US"
"165","4","5","3","6/26/2026 12:00:00 AM","458","4396.8","Europe"
"166","14","1","3","6/27/2026 12:00:00 AM","141","1797.75","Europe"
"167","6","2","1","6/27/2026 12:00:00 AM","353","6495.2","West US"
"168","20","3","3","6/27/2026 12:00:00 AM","677","14961.7","Europe"
"169","1","4","1","6/27/2026 12:00:00 AM","576","25920","West US"
"170","16","4","2","6/27/2026 12:00:00 AM","885","39825","East US"
"171","22","5","1","6/27/2026 12:00:00 AM","865","8304","West US"
"172","7","5","2","6/27/2026 12:00:00 AM","896","8601.6","East US"
"173","6","5","3","6/27/2026 12:00:00 AM","418","4012.8","Europe"
"174","15","2","1","6/28/2026 12:00:00 AM","484","8905.6","West US"
"175","24","2","3","6/28/2026 12:00:00 AM","177","3256.8","Europe"
"176","8","3","2","6/28/2026 12:00:00 AM","348","7690.8","East US"
"177","4","4","1","6/28/2026 12:00:00 AM","800","36000","West US"
"178","25","4","2","6/28/2026 12:00:00 AM","223","10035","East US"
"179","15","4","3","6/28/2026 12:00:00 AM","679","30555","Europe"
"180","12","5","1","6/28/2026 12:00:00 AM","455","4368","West US"
"181","10","5","3","6/28/2026 12:00:00 AM","170","1632","Europe"
"182","22","1","3","6/29/2026 12:00:00 AM","601","7662.75","Europe"
"183","7","2","2","6/29/2026 12:00:00 AM","750","13800","East US"
"184","14","2","3","6/29/2026 12:00:00 AM","570","10488","Europe"
"185","24","3","1","6/29/2026 12:00:00 AM","545","12044.5","West US"
"186","11","4","1","6/29/2026 12:00:00 AM","730","32850","West US"
"187","1","4","2","6/29/2026 12:00:00 AM","651","29295","East US"
"188","13","4","3","6/29/2026 12:00:00 AM","576","25920","Europe"
"189","1","5","2","6/29/2026 12:00:00 AM","374","3590.4","East US"
"190","14","1","2","6/30/2026 12:00:00 AM","385","4908.75","East US"
"191","2","1","3","6/30/2026 12:00:00 AM","349","4449.75","Europe"
"192","25","2","1","6/30/2026 12:00:00 AM","683","12567.2","West US"
"193","19","2","2","6/30/2026 12:00:00 AM","488","8979.2","East US"
"194","17","5","2","6/30/2026 12:00:00 AM","669","6422.4","East US"
"195","23","1","1","7/1/2026 12:00:00 AM","187","2384.25","West US"
"196","21","3","1","7/1/2026 12:00:00 AM","558","12331.8","West US"
"197","25","3","2","7/1/2026 12:00:00 AM","195","4309.5","East US"
"198","17","4","3","7/1/2026 12:00:00 AM","477","21465","Europe"
"199","18","1","1","7/2/2026 12:00:00 AM","438","5584.5","West US"
"200","3","2","3","7/2/2026 12:00:00 AM","423","7783.2","Europe"
"201","11","3","3","7/2/2026 12:00:00 AM","289","6386.9","Europe"
"202","20","4","2","7/2/2026 12:00:00 AM","383","17235","East US"
"203","4","4","3","7/2/2026 12:00:00 AM","878","39510","Europe"
"204","1","3","1","7/3/2026 12:00:00 AM","666","14718.6","West US"
"205","2","3","3","7/3/2026 12:00:00 AM","753","16641.3","Europe"
"206","6","4","1","7/3/2026 12:00:00 AM","602","27090","West US"
"207","11","1","1","7/4/2026 12:00:00 AM","358","4564.5","West US"
"208","11","1","2","7/4/2026 12:00:00 AM","589","7509.75","East US"
"209","23","3","1","7/4/2026 12:00:00 AM","255","5635.5","West US"
"210","15","4","2","7/4/2026 12:00:00 AM","221","9945","East US"
"211","2","5","3","7/4/2026 12:00:00 AM","894","8582.4","Europe"
"212","13","2","1","7/5/2026 12:00:00 AM","539","9917.6","West US"
"213","20","2","3","7/5/2026 12:00:00 AM","724","13321.6","Europe"
"214","11","3","1","7/5/2026 12:00:00 AM","201","4442.1","West US"
"215","19","3","2","7/5/2026 12:00:00 AM","312","6895.2","East US"
"216","13","3","3","7/5/2026 12:00:00 AM","370","8177","Europe"
"217","6","4","1","7/5/2026 12:00:00 AM","260","11700","West US"
"218","25","5","3","7/5/2026 12:00:00 AM","581","5577.6","Europe"
"219","16","1","3","7/6/2026 12:00:00 AM","819","10442.25","Europe"
"220","19","2","1","7/6/2026 12:00:00 AM","172","3164.8","West US"
"221","14","2","2","7/6/2026 12:00:00 AM","370","6808","East US"
"222","19","2","3","7/6/2026 12:00:00 AM","740","13616","Europe"
"223","20","3","2","7/6/2026 12:00:00 AM","302","6674.2","East US"
"224","12","4","2","7/6/2026 12:00:00 AM","372","16740","East US"
"225","15","4","3","7/6/2026 12:00:00 AM","173","7785","Europe"
"226","23","5","2","7/6/2026 12:00:00 AM","709","6806.4","East US"
"227","14","5","3","7/6/2026 12:00:00 AM","682","6547.2","Europe"
"228","15","1","1","7/7/2026 12:00:00 AM","549","6999.75","West US"
"229","18","1","3","7/7/2026 12:00:00 AM","816","10404","Europe"
"230","4","3","3","7/7/2026 12:00:00 AM","852","18829.2","Europe"
"231","9","5","1","7/7/2026 12:00:00 AM","689","6614.4","West US"
"232","12","1","1","7/8/2026 12:00:00 AM","375","4781.25","West US"
"233","7","1","3","7/8/2026 12:00:00 AM","279","3557.25","Europe"
"234","13","2","2","7/8/2026 12:00:00 AM","384","7065.6","East US"
"235","1","3","2","7/8/2026 12:00:00 AM","603","13326.3","East US"
"236","15","3","3","7/8/2026 12:00:00 AM","581","12840.1","Europe"
"237","19","4","3","7/8/2026 12:00:00 AM","264","11880","Europe"
"238","6","5","2","7/8/2026 12:00:00 AM","395","3792","East US"
"239","13","5","3","7/8/2026 12:00:00 AM","510","4896","Europe"
"240","19","1","1","7/9/2026 12:00:00 AM","663","8453.25","West US"
"241","1","2","3","7/9/2026 12:00:00 AM","626","11518.4","Europe"
"242","15","3","1","7/9/2026 12:00:00 AM","101","2232.1","West US"
"243","16","3","2","7/9/2026 12:00:00 AM","655","14475.5","East US"
"244","12","4","3","7/9/2026 12:00:00 AM","610","27450","Europe"
"245","13","5","1","7/9/2026 12:00:00 AM","878","8428.8","West US"
"246","14","1","3","7/10/2026 12:00:00 AM","596","7599","Europe"
"247","5","2","2","7/10/2026 12:00:00 AM","723","13303.2","East US"
"248","8","2","3","7/10/2026 12:00:00 AM","826","15198.4","Europe"
"249","23","4","2","7/10/2026 12:00:00 AM","216","9720","East US"
"250","11","5","2","7/10/2026 12:00:00 AM","610","5856","East US"
"251","15","5","3","7/10/2026 12:00:00 AM","398","3820.8","Europe"
"252","25","1","3","7/11/2026 12:00:00 AM","583","7433.25","Europe"
"253","2","3","1","7/11/2026 12:00:00 AM","620","13702","West US"
"254","25","3","2","7/11/2026 12:00:00 AM","239","5281.9","East US"
"255","15","3","3","7/11/2026 12:00:00 AM","382","8442.2","Europe"
"256","18","4","1","7/11/2026 12:00:00 AM","524","23580","West US"
"257","1","4","3","7/11/2026 12:00:00 AM","373","16785","Europe"
"258","17","5","1","7/11/2026 12:00:00 AM","389","3734.4","West US"
"259","12","5","2","7/11/2026 12:00:00 AM","701","6729.6","East US"
"260","5","1","1","7/12/2026 12:00:00 AM","252","3213","West US"
"261","17","2","2","7/12/2026 12:00:00 AM","486","8942.4","East US"
"262","22","3","3","7/12/2026 12:00:00 AM","685","15138.5","Europe"
"263","19","4","2","7/12/2026 12:00:00 AM","520","23400","East US"
"264","19","5","1","7/12/2026 12:00:00 AM","822","7891.2","West US"
"265","7","5","2","7/12/2026 12:00:00 AM","490","4704","East US"
"266","15","1","1","7/13/2026 12:00:00 AM","767","9779.25","West US"
"267","6","1","2","7/13/2026 12:00:00 AM","607","7739.25","East US"
"268","8","1","3","7/13/2026 12:00:00 AM","229","2919.75","Europe"
"269","10","2","3","7/13/2026 12:00:00 AM","550","10120","Europe"
"270","4","3","2","7/13/2026 12:00:00 AM","115","2541.5","East US"
"271","19","3","3","7/13/2026 12:00:00 AM","519","11469.9","Europe"
"272","1","4","1","7/13/2026 12:00:00 AM","258","11610","West US"
"273","13","4","3","7/13/2026 12:00:00 AM","371","16695","Europe"
"274","22","5","2","7/13/2026 12:00:00 AM","765","7344","East US"
"275","19","1","2","7/14/2026 12:00:00 AM","646","8236.5","East US"
"276","24","2","2","7/14/2026 12:00:00 AM","877","16136.8","East US"
"277","4","3","2","7/14/2026 12:00:00 AM","340","7514","East US"
"278","8","3","3","7/14/2026 12:00:00 AM","394","8707.4","Europe"
"279","24","4","1","7/14/2026 12:00:00 AM","864","38880","West US"
"280","1","4","3","7/14/2026 12:00:00 AM","878","39510","Europe"
"281","19","5","1","7/14/2026 12:00:00 AM","202","1939.2","West US"
"282","6","5","3","7/14/2026 12:00:00 AM","129","1238.4","Europe"
"283","17","1","2","7/15/2026 12:00:00 AM","400","5100","East US"
"284","8","3","1","7/15/2026 12:00:00 AM","284","6276.4","West US"
"285","15","4","1","7/15/2026 12:00:00 AM","734","33030","West US"
"286","9","4","2","7/15/2026 12:00:00 AM","609","27405","East US"
"287","11","4","3","7/15/2026 12:00:00 AM","246","11070","Europe"
"288","8","5","2","7/15/2026 12:00:00 AM","570","5472","East US"
"289","24","1","2","7/16/2026 12:00:00 AM","394","5023.5","East US"
"290","9","1","3","7/16/2026 12:00:00 AM","261","3327.75","Europe"
"291","14","2","2","7/16/2026 12:00:00 AM","701","12898.4","East US"
"292","2","3","1","7/16/2026 12:00:00 AM","806","17812.6","West US"
"293","19","3","3","7/16/2026 12:00:00 AM","303","6696.3","Europe"
"294","9","4","1","7/16/2026 12:00:00 AM","594","26730","West US"
"295","2","5","3","7/16/2026 12:00:00 AM","122","1171.2","Europe"
"296","4","1","1","7/17/2026 12:00:00 AM","774","9868.5","West US"
"297","22","2","1","7/17/2026 12:00:00 AM","896","16486.4","West US"
"298","23","2","2","7/17/2026 12:00:00 AM","150","2760","East US"
"299","5","2","3","7/17/2026 12:00:00 AM","863","15879.2","Europe"
"300","23","3","2","7/17/2026 12:00:00 AM","393","8685.3","East US"
"301","8","3","3","7/17/2026 12:00:00 AM","335","7403.5","Europe"
"302","22","4","1","7/17/2026 12:00:00 AM","460","20700","West US"
"303","24","5","2","7/17/2026 12:00:00 AM","885","8496","East US"
"304","20","5","3","7/17/2026 12:00:00 AM","240","2304","Europe"
"305","17","1","1","7/18/2026 12:00:00 AM","742","9460.5","West US"
"306","15","1","2","7/18/2026 12:00:00 AM","416","5304","East US"
"307","12","1","3","7/18/2026 12:00:00 AM","134","1708.5","Europe"
"308","5","2","2","7/18/2026 12:00:00 AM","192","3532.8","East US"
"309","7","2","3","7/18/2026 12:00:00 AM","434","7985.6","Europe"
"310","16","3","1","7/18/2026 12:00:00 AM","279","6165.9","West US"
"311","14","3","3","7/18/2026 12:00:00 AM","474","10475.4","Europe"
"312","18","4","2","7/18/2026 12:00:00 AM","268","12060","East US"
"313","18","5","1","7/18/2026 12:00:00 AM","593","5692.8","West US"
"314","11","5","2","7/18/2026 12:00:00 AM","402","3859.2","East US"
"315","12","5","3","7/18/2026 12:00:00 AM","446","4281.6","Europe"
"316","11","1","1","7/19/2026 12:00:00 AM","579","7382.25","West US"
"317","6","1","2","7/19/2026 12:00:00 AM","244","3111","East US"
"318","12","1","3","7/19/2026 12:00:00 AM","331","4220.25","Europe"
"319","4","2","1","7/19/2026 12:00:00 AM","841","15474.4","West US"
"320","23","2","2","7/19/2026 12:00:00 AM","506","9310.4","East US"
"321","5","2","3","7/19/2026 12:00:00 AM","670","12328","Europe"
"322","24","3","2","7/19/2026 12:00:00 AM","114","2519.4","East US"
"323","10","4","3","7/19/2026 12:00:00 AM","368","16560","Europe"
"324","1","5","2","7/19/2026 12:00:00 AM","480","4608","East US"
"325","15","1","3","7/20/2026 12:00:00 AM","674","8593.5","Europe"
"326","17","2","2","7/20/2026 12:00:00 AM","763","14039.2","East US"
"327","7","3","1","7/20/2026 12:00:00 AM","817","18055.7","West US"
"328","5","4","2","7/20/2026 12:00:00 AM","411","18495","East US"
"329","21","4","3","7/20/2026 12:00:00 AM","218","9810","Europe"
"330","15","5","2","7/20/2026 12:00:00 AM","238","2284.8","East US"
"331","3","1","2","7/21/2026 12:00:00 AM","813","10365.75","East US"
"332","7","1","3","7/21/2026 12:00:00 AM","529","6744.75","Europe"
"333","4","2","2","7/21/2026 12:00:00 AM","524","9641.6","East US"
"334","2","2","3","7/21/2026 12:00:00 AM","601","11058.4","Europe"
"335","19","3","1","7/21/2026 12:00:00 AM","386","8530.6","West US"
"336","22","4","2","7/21/2026 12:00:00 AM","471","21195","East US"
"337","8","5","1","7/21/2026 12:00:00 AM","657","6307.2","West US"
"338","23","5","2","7/21/2026 12:00:00 AM","760","7296","East US"
"339","16","2","1","7/22/2026 12:00:00 AM","565","10396","West US"
"340","1","3","1","7/22/2026 12:00:00 AM","121","2674.1","West US"
"341","22","4","1","7/22/2026 12:00:00 AM","678","30510","West US"
"342","6","4","3","7/22/2026 12:00:00 AM","667","30015","Europe"
"343","1","5","3","7/22/2026 12:00:00 AM","436","4185.6","Europe"
"344","8","1","1","7/23/2026 12:00:00 AM","710","9052.5","West US"
"345","20","1","3","7/23/2026 12:00:00 AM","248","3162","Europe"
"346","22","2","1","7/23/2026 12:00:00 AM","653","12015.2","West US"
"347","10","3","1","7/23/2026 12:00:00 AM","126","2784.6","West US"
"348","9","4","1","7/23/2026 12:00:00 AM","702","31590","West US"
"349","23","5","2","7/23/2026 12:00:00 AM","638","6124.8","East US"
"350","16","3","1","7/24/2026 12:00:00 AM","844","18652.4","West US"
"351","24","3","2","7/24/2026 12:00:00 AM","774","17105.4","East US"
"352","10","4","2","7/24/2026 12:00:00 AM","162","7290","East US"
"353","19","4","3","7/24/2026 12:00:00 AM","511","22995","Europe"
"354","7","5","3","7/24/2026 12:00:00 AM","554","5318.4","Europe"
"355","18","1","3","7/25/2026 12:00:00 AM","167","2129.25","Europe"
"356","10","2","2","7/25/2026 12:00:00 AM","699","12861.6","East US"
"357","12","3","2","7/25/2026 12:00:00 AM","643","14210.3","East US"
"358","23","4","3","7/25/2026 12:00:00 AM","217","9765","Europe"
"359","5","5","1","7/25/2026 12:00:00 AM","766","7353.6","West US"
"360","1","5","2","7/25/2026 12:00:00 AM","664","6374.4","East US"
"361","8","5","3","7/25/2026 12:00:00 AM","320","3072","Europe"
"362","8","1","2","7/26/2026 12:00:00 AM","523","6668.25","East US"
"363","10","3","2","7/26/2026 12:00:00 AM","483","10674.3","East US"
"364","18","3","3","7/26/2026 12:00:00 AM","803","17746.3","Europe"
"365","13","4","1","7/26/2026 12:00:00 AM","168","7560","West US"
"366","8","5","2","7/26/2026 12:00:00 AM","481","4617.6","East US"
"367","15","5","3","7/26/2026 12:00:00 AM","669","6422.4","Europe"
"368","17","1","2","7/27/2026 12:00:00 AM","675","8606.25","East US"
"369","18","2","3","7/27/2026 12:00:00 AM","868","15971.2","Europe"
"370","15","3","2","7/27/2026 12:00:00 AM","152","3359.2","East US"
"371","4","3","3","7/27/2026 12:00:00 AM","714","15779.4","Europe"
"372","9","5","3","7/27/2026 12:00:00 AM","458","4396.8","Europe"
"373","21","1","1","7/28/2026 12:00:00 AM","476","6069","West US"
"374","4","3","1","7/28/2026 12:00:00 AM","736","16265.6","West US"
"375","2","3","2","7/28/2026 12:00:00 AM","758","16751.8","East US"
"376","24","4","1","7/28/2026 12:00:00 AM","773","34785","West US"
"377","23","4","2","7/28/2026 12:00:00 AM","373","16785","East US"
"378","2","5","2","7/28/2026 12:00:00 AM","447","4291.2","East US"
"379","6","1","3","7/29/2026 12:00:00 AM","171","2180.25","Europe"
"380","19","2","2","7/29/2026 12:00:00 AM","131","2410.4","East US"
"381","8","5","1","7/29/2026 12:00:00 AM","710","6816","West US"
"382","24","1","2","7/30/2026 12:00:00 AM","790","10072.5","East US"
"383","8","2","3","7/30/2026 12:00:00 AM","524","9641.6","Europe"
"384","5","3","2","7/30/2026 12:00:00 AM","216","4773.6","East US"
"385","17","4","2","7/30/2026 12:00:00 AM","707","31815","East US"
"386","19","5","1","7/30/2026 12:00:00 AM","146","1401.6","West US"
"387","14","5","3","7/30/2026 12:00:00 AM","156","1497.6","Europe"
"388","22","3","2","7/31/2026 12:00:00 AM","279","6165.9","East US"
"389","9","5","1","7/31/2026 12:00:00 AM","462","4435.2","West US"
"390","10","5","3","7/31/2026 12:00:00 AM","143","1372.8","Europe"
"391","10","3","1","8/1/2026 12:00:00 AM","396","8751.6","West US"
"392","11","4","2","8/1/2026 12:00:00 AM","732","32940","East US"
"393","18","5","1","8/1/2026 12:00:00 AM","470","4512","West US"
"394","16","5","3","8/1/2026 12:00:00 AM","349","3350.4","Europe"
"395","18","2","1","8/2/2026 12:00:00 AM","863","15879.2","West US"
"396","15","4","2","8/2/2026 12:00:00 AM","457","20565","East US"
"397","22","5","1","8/2/2026 12:00:00 AM","760","7296","West US"
"398","9","5","2","8/2/2026 12:00:00 AM","341","3273.6","East US"
"399","21","2","1","8/3/2026 12:00:00 AM","177","3256.8","West US"
"400","13","2","3","8/3/2026 12:00:00 AM","605","11132","Europe"
"401","7","4","1","8/3/2026 12:00:00 AM","678","30510","West US"
"402","18","4","2","8/3/2026 12:00:00 AM","739","33255","East US"
"403","17","5","1","8/3/2026 12:00:00 AM","423","4060.8","West US"
"404","8","3","3","8/4/2026 12:00:00 AM","178","3933.8","Europe"
"405","13","4","1","8/4/2026 12:00:00 AM","192","8640","West US"
"406","16","4","2","8/4/2026 12:00:00 AM","619","27855","East US"
"407","15","5","2","8/4/2026 12:00:00 AM","856","8217.6","East US"
"408","15","5","3","8/4/2026 12:00:00 AM","560","5376","Europe"
"409","6","1","1","8/5/2026 12:00:00 AM","685","8733.75","West US"
"410","20","1","2","8/5/2026 12:00:00 AM","429","5469.75","East US"
"411","12","1","3","8/5/2026 12:00:00 AM","613","7815.75","Europe"
"412","11","3","1","8/5/2026 12:00:00 AM","451","9967.1","West US"
"413","17","3","2","8/5/2026 12:00:00 AM","186","4110.6","East US"
"414","11","2","3","8/6/2026 12:00:00 AM","762","14020.8","Europe"
"415","18","4","3","8/6/2026 12:00:00 AM","717","32265","Europe"
"416","10","5","1","8/6/2026 12:00:00 AM","441","4233.6","West US"
"417","1","5","3","8/6/2026 12:00:00 AM","458","4396.8","Europe"
"418","6","1","2","8/7/2026 12:00:00 AM","778","9919.5","East US"
"419","1","2","2","8/7/2026 12:00:00 AM","417","7672.8","East US"
"420","20","3","1","8/7/2026 12:00:00 AM","436","9635.6","West US"
"421","20","3","2","8/7/2026 12:00:00 AM","786","17370.6","East US"
"422","19","3","3","8/7/2026 12:00:00 AM","856","18917.6","Europe"
"423","9","4","1","8/7/2026 12:00:00 AM","639","28755","West US"
"424","8","4","3","8/7/2026 12:00:00 AM","620","27900","Europe"
"425","6","1","2","8/8/2026 12:00:00 AM","597","7611.75","East US"
"426","19","2","1","8/8/2026 12:00:00 AM","258","4747.2","West US"
"427","16","2","3","8/8/2026 12:00:00 AM","203","3735.2","Europe"
"428","6","3","3","8/8/2026 12:00:00 AM","639","14121.9","Europe"
"429","11","4","3","8/8/2026 12:00:00 AM","234","10530","Europe"
"430","13","1","1","8/9/2026 12:00:00 AM","739","9422.25","West US"
"431","3","1","2","8/9/2026 12:00:00 AM","269","3429.75","East US"
"432","15","1","3","8/9/2026 12:00:00 AM","144","1836","Europe"
"433","7","2","2","8/9/2026 12:00:00 AM","343","6311.2","East US"
"434","19","2","3","8/9/2026 12:00:00 AM","725","13340","Europe"
"435","13","3","2","8/9/2026 12:00:00 AM","559","12353.9","East US"
"436","15","4","2","8/9/2026 12:00:00 AM","580","26100","East US"
"437","7","4","3","8/9/2026 12:00:00 AM","298","13410","Europe"
"438","25","5","2","8/9/2026 12:00:00 AM","551","5289.6","East US"
"439","17","2","1","8/10/2026 12:00:00 AM","304","5593.6","West US"
"440","2","2","2","8/10/2026 12:00:00 AM","241","4434.4","East US"
"441","4","2","3","8/10/2026 12:00:00 AM","153","2815.2","Europe"
"442","24","3","1","8/10/2026 12:00:00 AM","480","10608","West US"
"443","16","4","1","8/10/2026 12:00:00 AM","227","10215","West US"
"444","15","4","3","8/10/2026 12:00:00 AM","379","17055","Europe"
"445","23","5","3","8/10/2026 12:00:00 AM","193","1852.8","Europe"
"446","25","1","1","8/11/2026 12:00:00 AM","327","4169.25","West US"
"447","19","1","2","8/11/2026 12:00:00 AM","457","5826.75","East US"
"448","8","1","3","8/11/2026 12:00:00 AM","524","6681","Europe"
"449","23","3","1","8/11/2026 12:00:00 AM","483","10674.3","West US"
"450","9","4","2","8/11/2026 12:00:00 AM","443","19935","East US"
"451","14","4","3","8/11/2026 12:00:00 AM","240","10800","Europe"
"452","17","5","2","8/11/2026 12:00:00 AM","583","5596.8","East US"
"453","8","5","3","8/11/2026 12:00:00 AM","242","2323.2","Europe"
"454","2","1","1","8/12/2026 12:00:00 AM","580","7395","West US"
"455","18","2","3","8/12/2026 12:00:00 AM","661","12162.4","Europe"
"456","13","3","1","8/12/2026 12:00:00 AM","723","15978.3","West US"
"457","10","5","2","8/12/2026 12:00:00 AM","568","5452.8","East US"
"458","9","1","1","8/13/2026 12:00:00 AM","611","7790.25","West US"
"459","3","3","2","8/13/2026 12:00:00 AM","346","7646.6","East US"
"460","20","4","2","8/13/2026 12:00:00 AM","636","28620","East US"
"461","25","4","3","8/13/2026 12:00:00 AM","169","7605","Europe"
"462","10","5","1","8/13/2026 12:00:00 AM","657","6307.2","West US"
"463","4","5","3","8/13/2026 12:00:00 AM","667","6403.2","Europe"
"464","19","1","2","8/14/2026 12:00:00 AM","144","1836","East US"
"465","17","1","3","8/14/2026 12:00:00 AM","482","6145.5","Europe"
"466","22","2","3","8/14/2026 12:00:00 AM","453","8335.2","Europe"
"467","4","3","2","8/14/2026 12:00:00 AM","206","4552.6","East US"
"468","24","3","3","8/14/2026 12:00:00 AM","852","18829.2","Europe"
"469","23","4","1","8/14/2026 12:00:00 AM","236","10620","West US"
"470","3","5","1","8/14/2026 12:00:00 AM","279","2678.4","West US"
"471","3","5","2","8/14/2026 12:00:00 AM","801","7689.6","East US"
"472","1","1","1","8/15/2026 12:00:00 AM","746","9511.5","West US"
"473","14","2","1","8/15/2026 12:00:00 AM","568","10451.2","West US"
"474","25","3","1","8/15/2026 12:00:00 AM","142","3138.2","West US"
"475","16","4","2","8/15/2026 12:00:00 AM","584","26280","East US"
"476","21","5","1","8/15/2026 12:00:00 AM","295","2832","West US"
"477","3","5","3","8/15/2026 12:00:00 AM","148","1420.8","Europe"
"478","19","1","1","8/16/2026 12:00:00 AM","439","5597.25","West US"
"479","10","1","3","8/16/2026 12:00:00 AM","547","6974.25","Europe"
"480","6","2","1","8/16/2026 12:00:00 AM","861","15842.4","West US"
"481","25","2","3","8/16/2026 12:00:00 AM","447","8224.8","Europe"
"482","8","3","1","8/16/2026 12:00:00 AM","608","13436.8","West US"
"483","8","3","2","8/16/2026 12:00:00 AM","476","10519.6","East US"
"484","3","3","3","8/16/2026 12:00:00 AM","631","13945.1","Europe"
"485","24","5","2","8/16/2026 12:00:00 AM","284","2726.4","East US"
"486","12","1","3","8/17/2026 12:00:00 AM","413","5265.75","Europe"
"487","7","2","2","8/17/2026 12:00:00 AM","270","4968","East US"
"488","5","2","3","8/17/2026 12:00:00 AM","459","8445.6","Europe"
"489","1","3","2","8/17/2026 12:00:00 AM","461","10188.1","East US"
"490","1","3","3","8/17/2026 12:00:00 AM","545","12044.5","Europe"
"491","6","4","2","8/17/2026 12:00:00 AM","158","7110","East US"
"492","24","5","1","8/17/2026 12:00:00 AM","472","4531.2","West US"
"493","23","5","3","8/17/2026 12:00:00 AM","263","2524.8","Europe"
"494","23","1","1","8/18/2026 12:00:00 AM","246","3136.5","West US"
"495","2","1","2","8/18/2026 12:00:00 AM","794","10123.5","East US"
"496","20","1","3","8/18/2026 12:00:00 AM","135","1721.25","Europe"
"497","21","2","3","8/18/2026 12:00:00 AM","470","8648","Europe"
"498","23","3","3","8/18/2026 12:00:00 AM","795","17569.5","Europe"
"499","23","1","3","8/19/2026 12:00:00 AM","126","1606.5","Europe"
"500","1","2","1","8/19/2026 12:00:00 AM","611","11242.4","West US"
"501","21","2","3","8/19/2026 12:00:00 AM","220","4048","Europe"
"502","21","4","1","8/19/2026 12:00:00 AM","392","17640","West US"
"503","11","4","2","8/19/2026 12:00:00 AM","602","27090","East US"
"504","21","1","1","8/20/2026 12:00:00 AM","189","2409.75","West US"
"505","7","1","2","8/20/2026 12:00:00 AM","427","5444.25","East US"
"506","13","1","3","8/20/2026 12:00:00 AM","826","10531.5","Europe"
"507","3","2","3","8/20/2026 12:00:00 AM","261","4802.4","Europe"
"508","9","3","1","8/20/2026 12:00:00 AM","817","18055.7","West US"
"509","11","3","2","8/20/2026 12:00:00 AM","470","10387","East US"
"510","23","5","1","8/20/2026 12:00:00 AM","126","1209.6","West US"
"511","10","1","2","8/21/2026 12:00:00 AM","232","2958","East US"
"512","16","1","3","8/21/2026 12:00:00 AM","188","2397","Europe"
"513","24","2","3","8/21/2026 12:00:00 AM","590","10856","Europe"
"514","22","3","2","8/21/2026 12:00:00 AM","688","15204.8","East US"
"515","20","4","1","8/21/2026 12:00:00 AM","757","34065","West US"
"516","18","5","3","8/21/2026 12:00:00 AM","664","6374.4","Europe"
"517","3","1","1","8/22/2026 12:00:00 AM","286","3646.5","West US"
"518","2","1","2","8/22/2026 12:00:00 AM","232","2958","East US"
"519","20","2","1","8/22/2026 12:00:00 AM","156","2870.4","West US"
"520","6","2","2","8/22/2026 12:00:00 AM","630","11592","East US"
"521","16","3","3","8/22/2026 12:00:00 AM","454","10033.4","Europe"
"522","25","4","1","8/22/2026 12:00:00 AM","631","28395","West US"
"523","23","4","2","8/22/2026 12:00:00 AM","180","8100","East US"
"524","23","5","1","8/22/2026 12:00:00 AM","664","6374.4","West US"
"525","23","5","3","8/22/2026 12:00:00 AM","729","6998.4","Europe"
"526","4","2","1","8/23/2026 12:00:00 AM","257","4728.8","West US"
"527","4","2","3","8/23/2026 12:00:00 AM","719","13229.6","Europe"
"528","16","3","2","8/23/2026 12:00:00 AM","142","3138.2","East US"
"529","23","3","3","8/23/2026 12:00:00 AM","129","2850.9","Europe"
"530","22","4","2","8/23/2026 12:00:00 AM","889","40005","East US"
"531","1","5","1","8/23/2026 12:00:00 AM","885","8496","West US"
"532","6","5","3","8/23/2026 12:00:00 AM","131","1257.6","Europe"
"533","21","1","2","8/24/2026 12:00:00 AM","396","5049","East US"
"534","9","1","3","8/24/2026 12:00:00 AM","409","5214.75","Europe"
"535","10","2","2","8/24/2026 12:00:00 AM","801","14738.4","East US"
"536","5","3","2","8/24/2026 12:00:00 AM","261","5768.1","East US"
"537","23","4","3","8/24/2026 12:00:00 AM","420","18900","Europe"
"538","13","5","1","8/24/2026 12:00:00 AM","426","4089.6","West US"
"539","22","5","2","8/24/2026 12:00:00 AM","453","4348.8","East US"
"540","11","5","3","8/24/2026 12:00:00 AM","233","2236.8","Europe"
"541","9","1","1","8/25/2026 12:00:00 AM","627","7994.25","West US"
"542","23","4","1","8/25/2026 12:00:00 AM","354","15930","West US"
"543","19","4","2","8/25/2026 12:00:00 AM","263","11835","East US"
"544","4","4","3","8/25/2026 12:00:00 AM","691","31095","Europe"
"545","16","5","1","8/25/2026 12:00:00 AM","294","2822.4","West US"
"546","15","5","2","8/25/2026 12:00:00 AM","610","5856","East US"
"547","1","5","3","8/25/2026 12:00:00 AM","578","5548.8","Europe"
"548","1","2","1","8/26/2026 12:00:00 AM","617","11352.8","West US"
"549","4","4","2","8/26/2026 12:00:00 AM","788","35460","East US"
"550","10","5","2","8/26/2026 12:00:00 AM","541","5193.6","East US"
"551","18","4","3","8/27/2026 12:00:00 AM","738","33210","Europe"
"552","20","5","1","8/27/2026 12:00:00 AM","221","2121.6","West US"
"553","3","1","2","8/28/2026 12:00:00 AM","671","8555.25","East US"
"554","18","1","3","8/28/2026 12:00:00 AM","873","11130.75","Europe"
"555","11","2","2","8/28/2026 12:00:00 AM","511","9402.4","East US"
"556","22","4","3","8/28/2026 12:00:00 AM","627","28215","Europe"
"557","24","5","2","8/28/2026 12:00:00 AM","426","4089.6","East US"
"558","13","1","1","8/29/2026 12:00:00 AM","857","10926.75","West US"
"559","23","1","2","8/29/2026 12:00:00 AM","707","9014.25","East US"
"560","3","2","1","8/29/2026 12:00:00 AM","645","11868","West US"
"561","10","5","1","8/29/2026 12:00:00 AM","804","7718.4","West US"
"562","13","5","2","8/29/2026 12:00:00 AM","711","6825.6","East US"
