FactID,DateKey,ProductID,MaterialID,PlantID,QuantityOnHand,ReorderThreshold,SafetyStock,InventoryStatus
1,20260829,1,,1,332,469,228,Low Stock
2,20260829,1,,2,228,459,180,Low Stock
3,20260829,1,,3,198,480,180,Low Stock
4,20260829,2,,1,374,643,345,Low Stock
5,20260829,2,,2,194,449,205,Critical
6,20260829,2,,3,347,470,335,Low Stock
7,20260829,3,,1,368,552,222,Low Stock
8,20260829,3,,2,151,613,199,Critical
9,20260829,3,,3,251,458,242,Low Stock
10,20260829,4,,1,191,477,153,Low Stock
11,20260829,4,,2,373,432,220,Low Stock
12,20260829,4,,3,123,649,163,Critical
13,20260829,5,,1,383,474,328,Low Stock
14,20260829,5,,2,164,563,372,Critical
15,20260829,5,,3,351,426,373,Critical
16,20260829,,1,1,250,2175,591,Critical
17,20260829,,1,2,2122,1980,751,Healthy
18,20260829,,1,3,1595,1377,352,Healthy
19,20260829,,2,1,1234,1978,416,Low Stock
20,20260829,,2,2,467,1820,803,Critical
21,20260829,,2,3,503,2181,354,Low Stock
22,20260829,,3,1,821,1305,876,Critical
23,20260829,,3,2,1444,1174,554,Healthy
24,20260829,,3,3,685,2142,726,Critical
25,20260829,,4,1,2683,2220,531,Healthy
26,20260829,,4,2,2340,1779,761,Healthy
27,20260829,,4,3,2013,1608,739,Healthy
28,20260829,,5,1,1450,2164,361,Low Stock
29,20260829,,5,2,2697,1203,512,Healthy
30,20260829,,5,3,2762,1432,570,Healthy
31,20260829,,6,1,2905,1166,460,Healthy
32,20260829,,6,2,1182,1355,865,Low Stock
33,20260829,,6,3,507,1320,302,Low Stock
34,20260829,,7,1,1873,1922,781,Low Stock
35,20260829,,7,2,1392,1066,537,Healthy
36,20260829,,7,3,1380,2447,589,Low Stock
37,20260829,,8,1,2059,1145,539,Healthy
38,20260829,,8,2,1283,2280,502,Low Stock
39,20260829,,8,3,1941,1235,857,Healthy
40,20260829,,9,1,1120,2326,452,Low Stock
41,20260829,,9,2,1288,1291,373,Low Stock
42,20260829,,9,3,444,1339,614,Critical
43,20260829,,10,1,2637,2165,595,Healthy
44,20260829,,10,2,1998,1254,779,Healthy
45,20260829,,10,3,1445,2433,712,Low Stock
46,20260829,,11,1,1315,2024,852,Low Stock
47,20260829,,11,2,2222,1896,382,Healthy
48,20260829,,11,3,2649,1081,742,Healthy
49,20260829,,12,1,1520,2236,556,Low Stock
50,20260829,,12,2,305,1187,534,Critical
51,20260829,,12,3,2961,2178,321,Healthy
