InventoryID,ProductID,PlantID,CurrentInventory,ReorderThreshold,SafetyStock,InventoryStatus,SnapshotDate
1,1,1,157,406,339,Critical,2026-09-01
2,1,2,240,462,207,Low Stock,2026-09-01
3,1,3,171,588,176,Critical,2026-09-01
4,2,1,379,422,301,Low Stock,2026-09-01
5,2,2,316,408,157,Low Stock,2026-09-01
6,2,3,147,455,209,Critical,2026-09-01
7,3,1,358,554,156,Low Stock,2026-09-01
8,3,2,387,450,333,Low Stock,2026-09-01
9,3,3,379,507,206,Low Stock,2026-09-01
10,4,1,329,550,221,Low Stock,2026-09-01
11,4,2,103,594,356,Critical,2026-09-01
12,4,3,181,578,258,Critical,2026-09-01
13,5,1,274,471,189,Low Stock,2026-09-01
14,5,2,210,645,345,Critical,2026-09-01
15,5,3,272,426,173,Low Stock,2026-09-01
